"conversation_id_str","created_at","favorite_count","full_text","id_str","image_url","in_reply_to_screen_name","lang","location","quote_count","reply_count","retweet_count","tweet_url","user_id_str","username"
"1902408349641040168","Wed Mar 19 17:14:30 +0000 2025","17574","üáµüá± Two Poles who score a lot of goals. https://t.co/AqPrqJMaN5","1902408349641040168","https://pbs.twimg.com/media/Gma13jea8AQaLrn.jpg","","en","BAR√áA STORE ","22","98","587","https://x.com/FCBarcelona/status/1902408349641040168","96951800","FCBarcelona"
"1902253903099383953","Wed Mar 19 07:00:47 +0000 2025","28501","This is what Barcelona needs https://t.co/nElUfXWcyL","1902253903099383953","https://pbs.twimg.com/media/GmYp1pdWMAAXdvp.jpg","","en","Pain.ùïè Headquarters","105","192","939","https://x.com/GBarca_/status/1902253903099383953","1681057761902116864","GBarca_"
"1901619534185759187","Mon Mar 17 13:00:01 +0000 2025","36039","When life is even better after retirement. https://t.co/tcGxeqRzZi","1901619534185759187","https://pbs.twimg.com/media/GmPl4SNXwAAPDb1.jpg","","en","BAR√áA STORE ","14","137","1429","https://x.com/FCBarcelona/status/1901619534185759187","96951800","FCBarcelona"
"1901397428265525404","Sun Mar 16 22:17:27 +0000 2025","46684","THIS. IS. BARCELONA. https://t.co/1D9pAYRY0f","1901397428265525404","https://pbs.twimg.com/media/GmMe4WEbIAArfDo.jpg","","en","","97","410","2662","https://x.com/Hansiflickk/status/1901397428265525404","1508160497341767680","Hansiflickk"
"1902436360914702616","Wed Mar 19 19:05:48 +0000 2025","34312","Big games. Big wins. Big Bar√ßa. A thread https://t.co/OQ8c68IJp4","1902436360914702616","https://pbs.twimg.com/media/GmbPx2gW4AAAt-8.jpg","","ht","BAR√áA STORE ","195","300","2132","https://x.com/FCBarcelona/status/1902436360914702616","96951800","FCBarcelona"
"1902268812600508611","Wed Mar 19 08:00:02 +0000 2025","19768","Ronaldo Naz√°rio's only season at Barcelona was incredible üáßüá∑ 3 trophies LaLiga Top Scorer Golden Boot Ballon d'Or He was only 19-years old ‚≠ê https://t.co/a6muufGcSY","1902268812600508611","https://pbs.twimg.com/media/GmVtgQzX0AA4g3l.jpg","","en","Download the app üëâ","54","70","1442","https://x.com/OneFootball/status/1902268812600508611","799369969725227008","OneFootball"
"1901975262859866460","Tue Mar 18 12:33:34 +0000 2025","12597","ùòΩùôäùôèùôÉ Barcelona's men's and women's teams have scored the ùó†ùó¢ùó¶ùóß goals in all competitions among the top 5Ô∏è‚É£ leagues https://t.co/wPsSHF9tVl","1901975262859866460","https://pbs.twimg.com/media/GmUsaPCWgAAQ7Sy.jpg","","en","Get the 433 app! ‚û°Ô∏è","59","69","1087","https://x.com/433/status/1901975262859866460","2600210567","433"
"1902646567963631695","Thu Mar 20 09:01:05 +0000 2025","4569","Good morning from the Spotify Camp Nou construction site! Ô∏èÔ∏è https://t.co/P8izGrsjBU","1902646567963631695","https://pbs.twimg.com/media/GmeO8JmbYAAtYDP.jpg","","en","BAR√áA STORE ","19","92","340","https://x.com/FCBarcelona/status/1902646567963631695","96951800","FCBarcelona"
"1902447572142161989","Wed Mar 19 19:50:21 +0000 2025","8857","Barcelona defeat Wolfsburg 4-1 in the first leg of the UWCL quarterfinals https://t.co/xbJXxER7fE","1902447572142161989","https://pbs.twimg.com/media/GmbZ8o1WAAAjuG7.jpg","","en","","8","54","597","https://x.com/brfootball/status/1902447572142161989","1561123663","brfootball"
"1902389844577259547","Wed Mar 19 16:00:58 +0000 2025","6405","Two words: Lamine Yamal https://t.co/mb8mmpGUuo","1902389844577259547","https://pbs.twimg.com/media/GmaldY6a8AEHRob.jpg","","en","BAR√áA STORE ","3","85","306","https://x.com/FCBarcelona/status/1902389844577259547","96951800","FCBarcelona"
"1902649559257411935","Thu Mar 20 09:12:59 +0000 2025","2497","[250320] txt instagram update Momentos de ensayo en Barcelona üá™üá∏Ô∏è‚Äç (= rehearsal time in barcelona) @TXT_members @TXT_bighit https://t.co/NwOozJGEkA","1902649559257411935","https://pbs.twimg.com/media/GmeRoq4W8AEccab.jpg","","en","","278","21","826","https://x.com/translatingTXT/status/1902649559257411935","949093351357403136","translatingTXT"
"1902604498549325926","Thu Mar 20 06:13:55 +0000 2025","4710","Barcelona player Alejandro Balde was seen dancing to Shatta Wale s hit song Everybody Like My Thing. https://t.co/GBu3HpLmNG","1902604498549325926","https://pbs.twimg.com/amplify_video_thumb/1902604405691895809/img/tR2ySwzl4B_mNYIm.jpg","","en","Global","28","94","484","https://x.com/SIKAOFFICIAL1/status/1902604498549325926","1238275318923907073","SIKAOFFICIAL1"
"1901395969662415116","Sun Mar 16 22:11:40 +0000 2025","96205","Born: July 13 2007 https://t.co/KYOLnw3DR0","1901395969662415116","https://pbs.twimg.com/media/GmMdNamXUAASQ34.jpg","","en","BAR√áA STORE ","695","658","7360","https://x.com/FCBarcelona/status/1901395969662415116","96951800","FCBarcelona"
"1902067983180242957","Tue Mar 18 18:42:00 +0000 2025","6433","I swear I ve not heard anything about this guy since he left Barcelona https://t.co/FndC9ELrMg","1902067983180242957","https://pbs.twimg.com/media/GmWAvv8bkAAfkQr.jpg","","en","","6","80","142","https://x.com/AnabellaMarvy/status/1902067983180242957","908990555308347398","AnabellaMarvy"
"1902455394292605256","Wed Mar 19 20:21:26 +0000 2025","12813","Switzerland's Sydney Schertenleib scored her first Champions League goal in Barcelona Femeni's 4-1 win over Wolfsburg Bar√ßa might've just found another gem in this 18-year-old üá®üá≠ Remember the name ... https://t.co/sQbYaeX1fE","1902455394292605256","https://pbs.twimg.com/media/GmbhGIGWAAAicV9.jpg","","en","","26","83","866","https://x.com/ESPNFC/status/1902455394292605256","18091004","ESPNFC"
"1902148256869621854","Wed Mar 19 00:00:59 +0000 2025","8106","Poland is Goaland. üáµüá±Ô∏è https://t.co/XutTBF43Ms","1902148256869621854","https://pbs.twimg.com/media/GmXJvPmWIAANqGB.jpg","","en","BAR√áA STORE ","25","91","359","https://x.com/FCBarcelona/status/1902148256869621854","96951800","FCBarcelona"
"1902646636326552027","Thu Mar 20 09:01:22 +0000 2025","3994","Ô∏è Buenos d√≠as desde las obras del Spotify Camp Nou https://t.co/VPtLOQkrLN","1902646636326552027","https://pbs.twimg.com/media/GmePAD0XgAAELj1.jpg","","es","BAR√áA STORE","12","27","201","https://x.com/FCBarcelona_es/status/1902646636326552027","112764971","FCBarcelona_es"
"1902495300763193477","Wed Mar 19 23:00:01 +0000 2025","4713","3 years ago today Xavi's Barcelona beat Real Madrid 0-4 at the Bernabeu. https://t.co/2mZ2nbyiKs","1902495300763193477","https://pbs.twimg.com/media/Gmb7xmBXAAAXXMp.jpg","","en","Barcelona","12","20","200","https://x.com/BarcaUniversal/status/1902495300763193477","885972982052597761","BarcaUniversal"
"1901404061263347818","Sun Mar 16 22:43:49 +0000 2025","32207","Ba√±ito m√°s que merecido https://t.co/P3ZHBISjit","1901404061263347818","https://pbs.twimg.com/media/GmMkr17XYAAKrKk.jpg","","es","BAR√áA STORE","131","173","1338","https://x.com/FCBarcelona_es/status/1901404061263347818","112764971","FCBarcelona_es"
"1900622965802152390","Fri Mar 14 19:00:01 +0000 2025","32828","F√∫tbol. https://t.co/JAGr1L5H0v","1900622965802152390","https://pbs.twimg.com/media/GmBDKLaX0AAao6V.jpg","","es","BAR√áA STORE","26","43","1162","https://x.com/FCBarcelona_es/status/1900622965802152390","112764971","FCBarcelona_es"
"1901420298122973231","Sun Mar 16 23:48:20 +0000 2025","31138","A lo tonto Szczƒôsny sigue invicto https://t.co/Bc2SfQg0gp","1901420298122973231","https://pbs.twimg.com/media/GmMzgsMaYAAck9Z.jpg","","pl","BAR√áA STORE","23","68","982","https://x.com/FCBarcelona_es/status/1901420298122973231","112764971","FCBarcelona_es"
"1902638556335448115","Thu Mar 20 08:29:15 +0000 2025","4257","Alejandro Grimaldo: I grew up in La Masia and Barcelona is the club where I grew up as a player and as a person. I always dreamed of reaching the Barcelona first team and that still is my dream. https://t.co/ZbR8NJWZq5","1902638556335448115","https://pbs.twimg.com/media/GmeGzG3a8AMWGgh.jpg","","en","Barcelona","14","40","147","https://x.com/BarcaUniversal/status/1902638556335448115","885972982052597761","BarcaUniversal"
"1901627078753038716","Mon Mar 17 13:30:00 +0000 2025","17868","Una üÖ∞Ô∏èsistencia m√°s https://t.co/nSjwoByJVm","1901627078753038716","https://pbs.twimg.com/media/GmM4OszXQAAz29p.jpg","","es","BAR√áA STORE","5","33","473","https://x.com/FCBarcelona_es/status/1901627078753038716","112764971","FCBarcelona_es"
"1902408728281784691","Wed Mar 19 17:16:00 +0000 2025","6016","Time to shine https://t.co/zzDaba97ft","1902408728281784691","https://pbs.twimg.com/media/Gma2Bo-WEAAaYHI.jpg","","en","üõçÔ∏è BAR√áA STORE ","12","22","276","https://x.com/FCBfemeni/status/1902408728281784691","2196387576","FCBfemeni"
"1902649559257411935","Thu Mar 20 09:14:21 +0000 2025","963","@TXT_members @TXT_bighit [250320] txt instagram update Momentos de ensayo en Barcelona üá™üá∏Ô∏è‚Äç (= rehearsal time in barcelona) @TXT_members @TXT_bighit https://t.co/go5kNnCtyZ","1902649905694261447","https://pbs.twimg.com/media/GmeSAJGXkAACSzE.jpg","translatingTXT","en","","216","5","317","https://x.com/translatingTXT/status/1902649905694261447","949093351357403136","translatingTXT"
"1901392815726236133","Sun Mar 16 21:59:08 +0000 2025","1190","LAMINE YAMAL https://t.co/haQCKYqFk3","1901392815726236133","https://pbs.twimg.com/ext_tw_video_thumb/1901391857126395904/pu/img/i-h8Ej3yks_H0dMD.jpg","","in","","13","22","39","https://x.com/BarcelonaTR/status/1901392815726236133","292816779","BarcelonaTR"
"1902329451675054101","Wed Mar 19 12:00:59 +0000 2025","9293","Ô∏è Recovery Mode Activated https://t.co/ylZvcIVMql","1902329451675054101","https://pbs.twimg.com/media/GmZuiDCWcAAmw4y.jpg","","en","BAR√áA STORE ","13","87","375","https://x.com/FCBarcelona/status/1902329451675054101","96951800","FCBarcelona"
"1902446122225783069","Wed Mar 19 19:44:35 +0000 2025","8155","Sydney Schertenleib put that one top corner for Barcelona (via @DAZNWFootball) https://t.co/f0GqqwHZXY","1902446122225783069","https://pbs.twimg.com/media/GmbW_xUXIAAM3Qc.jpg","","en","","53","58","465","https://x.com/brfootball/status/1902446122225783069","1561123663","brfootball"
"1902019667528655052","Tue Mar 18 15:30:01 +0000 2025","11845","Osasuna currently have two LALIGA matches scheduled within 24 hours of each other against Barcelona and Athletic Club The match vs. Bar√ßa was initially scheduled for March 8 but was postponed following the unexpected death of Bar√ßa's first-team doctor Carles Mi√±arro Garc√≠a. https://t.co/MU6N6rsuCv","1902019667528655052","https://pbs.twimg.com/media/GmVLD6NbsAAkas5.jpg","","en","","62","222","730","https://x.com/ESPNFC/status/1902019667528655052","18091004","ESPNFC"
"1900012201097765034","Thu Mar 13 02:33:03 +0000 2025","25790","Os caras meteram um edit do t√©cnico do Barcelona de Guayaquil KKKKKKKKKKKKKKKKK https://t.co/hyjMaPrMx2","1900012201097765034","https://pbs.twimg.com/ext_tw_video_thumb/1900011313981530112/pu/img/domY5bC2ft3i93bS.jpg","","pt","","186","171","1923","https://x.com/oficialsincerao/status/1900012201097765034","825987268376719361","oficialsincerao"
"1901679929336479892","Mon Mar 17 17:00:01 +0000 2025","5232","Cada d√≠a te quiero m√°s https://t.co/tJ7C2hylfC","1901679929336479892","https://pbs.twimg.com/media/GmM0YYvbEAARSa9.jpg","","es","BAR√áA STORE","4","29","324","https://x.com/FCBarcelona_es/status/1901679929336479892","112764971","FCBarcelona_es"
"1902651865994519007","Thu Mar 20 09:22:09 +0000 2025","371","Bu sabah saatleri itibarƒ±yla Camp Nou. https://t.co/J5RIjQnlmk","1902651865994519007","https://pbs.twimg.com/ext_tw_video_thumb/1902619928009572352/pu/img/SW1EOPg1So_Ll_Ec.jpg","","tr","","3","10","4","https://x.com/BarcelonaTR/status/1902651865994519007","292816779","BarcelonaTR"
"1901938065003720710","Tue Mar 18 10:05:45 +0000 2025","25909","There is NO stopping Barcelona men's and women's teams this season Ô∏è https://t.co/XhF3Kkmw7N","1901938065003720710","https://pbs.twimg.com/media/GmUKkwEXwAAn8KC.jpg","","en","Download the app üëâ","36","47","1623","https://x.com/OneFootball/status/1901938065003720710","799369969725227008","OneFootball"
"1902262211172761630","Wed Mar 19 07:33:48 +0000 2025","2325","Ô∏è Eric Cantona in 2017 on Neymar leaving Barcelona: When you are 25 years old playing for the Brazilian national team wearing the number 10 shirt and also playing for Barcelona I wonder what are you going to do in the French league? Play against Amiens and Guingamp? https://t.co/jFIPhqqfS0","1902262211172761630","https://pbs.twimg.com/media/GmYxZX-a8AMd06O.jpg","","en","team@thesocialsup.com","4","45","263","https://x.com/Football__Tweet/status/1902262211172761630","462312323","Football__Tweet"
"1900966164122959993","Sat Mar 15 17:43:46 +0000 2025","7626","Hoy un carterista me ha intentado robar en el centro de Barcelona. Y a los carteristas les doy este mensaje: https://t.co/njbujWWtI4","1900966164122959993","https://pbs.twimg.com/ext_tw_video_thumb/1900965753886502912/pu/img/VH3QvH2ib3-WRKhi.jpg","","es","Barcelona, Catalunya, Espa√±a","95","199","1810","https://x.com/pons_sabate/status/1900966164122959993","1131135343712002048","pons_sabate"
"1902682338330341858","Thu Mar 20 11:23:14 +0000 2025","96","Ô∏è Joselu sobre el penalti anulado a Juli√°n √Ålvarez: Los del Barcelona y el Atl√©tico JAM√ÅS van a ver dos toques. M√ÅS ALTO IMPOSIBLE https://t.co/U87N9KS38I","1902682338330341858","https://pbs.twimg.com/ext_tw_video_thumb/1902497992646475776/pu/img/u64Lq5EFn2FFdYFp.jpg","","es","","2","2","9","https://x.com/AdriRM33/status/1902682338330341858","2411008925","AdriRM33"
"1902445972938223922","Wed Mar 19 19:44:00 +0000 2025","8650","Present i futur https://t.co/DfyQtWKWHs","1902445972938223922","https://pbs.twimg.com/media/GmbX7xhX0AA43nO.jpg","","en","üõçÔ∏è BAR√áA STORE ","44","25","617","https://x.com/FCBfemeni/status/1902445972938223922","2196387576","FCBfemeni"
"1902444460320964770","Wed Mar 19 19:37:59 +0000 2025","23167","ùóöùó•ùóîùó° ùó©ùóúùóñùóßùó¢ÃÄùó•ùóúùóî! https://t.co/bDmh3uOwCF","1902444460320964770","https://pbs.twimg.com/media/GmbXIRKacAAWoeP.jpg","","ca","üõçÔ∏è BAR√áA STORE ","346","213","2650","https://x.com/FCBfemeni/status/1902444460320964770","2196387576","FCBfemeni"
"1902613265294692820","Thu Mar 20 06:48:45 +0000 2025","347","Not tweeting until Pedri and Barcelona Wins the Champions League https://t.co/iUUrMeDgsV","1902613265294692820","https://pbs.twimg.com/media/GmdwrGwbsAAeH7w.jpg","","en","","1","30","21","https://x.com/Carrington_FCB/status/1902613265294692820","1713660770871824384","Carrington_FCB"
"1901725225865314726","Mon Mar 17 20:00:00 +0000 2025","83985"," Finish them. https://t.co/tpDYGGSKUn","1901725225865314726","https://pbs.twimg.com/media/GmPprZOWQAAYhVm.jpg","","en","BAR√áA STORE ","178","366","4254","https://x.com/FCBarcelona/status/1901725225865314726","96951800","FCBarcelona"
"1902660359279759480","Thu Mar 20 09:55:54 +0000 2025","204","Julian Alvarez in Real Madrid shirt faced Barcelona in the U-10 classico.. Madrid won 15-0.. He scored all the goals https://t.co/pYL9GcmtyI","1902660359279759480","https://pbs.twimg.com/media/Gmebgg0WgAAbOaB.jpg","","en","London","1","24","50","https://x.com/sanixutd/status/1902660359279759480","584383212","sanixutd"
"1901393927888076980","Sun Mar 16 22:03:33 +0000 2025","123816","ùë≠ùë™ ùë©ùë®ùëπùë™ùë¨ùë≥ùë∂ùëµùë®ùë®ùë®ùë®ùë®ùë® Ô∏è https://t.co/SJANZrYJOZ","1901393927888076980","https://pbs.twimg.com/media/GmMbobtbcAAtSf0.jpg","","pt","BAR√áA STORE","2776","1553","18772","https://x.com/FCBarcelona_es/status/1901393927888076980","112764971","FCBarcelona_es"
"1902172767341912430","Wed Mar 19 01:38:23 +0000 2025","15426","- Su √≠dolo es Sergio Ramos - No fichar√≠a a ning√∫n jugador del Barcelona o del Atl√©tico de Madrid - Los pr√≥ximos 10 a√±os se ve en el Real Madrid - Tiene al anti madridismo bailando Don Ra√∫l Asencio https://t.co/uyUZmcoNyq","1902172767341912430","https://pbs.twimg.com/amplify_video_thumb/1902167198220554241/img/kJZOLDS7iWX-s-Dg.jpg","","es","Donde Lo Imposible Es Posible","40","257","1012","https://x.com/LocosRealMadrid/status/1902172767341912430","1878924088296501248","LocosRealMadrid"
"1901751414658895957","Mon Mar 17 21:44:04 +0000 2025","20418","The Hansi Flick Comeback Cam https://t.co/UppjmppstH","1901751414658895957","https://pbs.twimg.com/media/GmRgz7PbwAAv6gz.jpg","","en","BAR√áA STORE ","151","168","1707","https://x.com/FCBarcelona/status/1901751414658895957","96951800","FCBarcelona"
"1901400861269541104","Sun Mar 16 22:31:06 +0000 2025","54425","Cool heads cold finish https://t.co/OUVOH3SYOY","1901400861269541104","https://pbs.twimg.com/media/GmMh-PZbwAAkfWP.jpg","","en","BAR√áA STORE ","256","260","5135","https://x.com/FCBarcelona/status/1901400861269541104","96951800","FCBarcelona"
"1902428860165025966","Wed Mar 19 18:36:00 +0000 2025","14025","Boom. https://t.co/j22hSuYE8F","1902428860165025966","https://pbs.twimg.com/media/GmbIThFbYAABpXL.jpg","","en","üõçÔ∏è BAR√áA STORE ","128","47","1390","https://x.com/FCBfemeni/status/1902428860165025966","2196387576","FCBfemeni"
"1902634143680209245","Thu Mar 20 08:11:43 +0000 2025","305","Barcelona s Alejandro Balde shows off his moves to Shatta Wale s infectious hit Everybody Like My Thing ! https://t.co/QAo2nPIAfJ","1902634143680209245","https://pbs.twimg.com/amplify_video_thumb/1902634041007853569/img/z6-rUV_7903oBgLc.jpg","","en","üîî Notifications On ","2","3","64","https://x.com/OfficialBlog_UR/status/1902634143680209245","561826316","OfficialBlog_UR"
"1901737238263939137","Mon Mar 17 20:47:44 +0000 2025","5062","Imagine him scoring this in 2025 and hitting the isak celebration https://t.co/cQIkpfCK8N","1901737238263939137","https://pbs.twimg.com/amplify_video_thumb/1901737136501534720/img/Jh5-jbK2HsmV8ot4.jpg","","en","L'Hospitalet","14","11","168","https://x.com/FCBarcelona301/status/1901737238263939137","1690280179","FCBarcelona301"
"1902390370920477072","Wed Mar 19 16:03:03 +0000 2025","4572","Ô∏è Andr√© Cury diz que Raphael Veiga tem mercado no Barcelona e revela: Os times da Europa gostam muito dele. Inter de Mil√£o Milan A gente tem uma promessa do Palmeiras para vend√™-lo em julho. Ele gosta muito do Palmeiras. @UOLEsporte @andrehernan https://t.co/j6zGmgIhfF","1902390370920477072","https://pbs.twimg.com/ext_tw_video_thumb/1902376276377399301/pu/img/MmmRqu0BIVk7KA5i.jpg","","pt","Brasil","211","770","77","https://x.com/futebol_info/status/1902390370920477072","193500696","futebol_info"
"1902663890309116292","Thu Mar 20 10:09:55 +0000 2025","256","Barcelona Football Star Alejandro Balde And His Friends Danceing To Shatta Wale s Song During his International Break.. üá™üá∏ üá¨üá≠ Ô∏è These are the Kind Of Love The Media Can Never Get You!!! Shatta Wale People Just Love This Guy Naturally!! https://t.co/Hi2jbG5yPJ","1902663890309116292","https://pbs.twimg.com/amplify_video_thumb/1902663811993419776/img/lTIGia9jkm_-voVm.jpg","","en","Greater Accra, Ghana","1","5","29","https://x.com/ShadrackAmonooC/status/1902663890309116292","483970548","ShadrackAmonooC"
"1901408854744748535","Sun Mar 16 23:02:52 +0000 2025","37081","Built different. Proved it. https://t.co/yrlEPTqRXm","1901408854744748535","https://pbs.twimg.com/media/GmMpP2eXgAAegIx.jpg","","en","BAR√áA STORE ","56","130","2389","https://x.com/FCBarcelona/status/1901408854744748535","96951800","FCBarcelona"
"1901951961106153550","Tue Mar 18 11:00:58 +0000 2025","5445","Ferran Torres is an apex predator. #AtletiBar√ßa | #LaLigaHighlights https://t.co/8klIHJ4ME4","1901951961106153550","https://pbs.twimg.com/media/GmUXNg2XUAEMH4J.jpg","","es","BAR√áA STORE ","10","72","259","https://x.com/FCBarcelona/status/1901951961106153550","96951800","FCBarcelona"
"1902435189554606350","Wed Mar 19 19:01:09 +0000 2025","14643","De momento una temporada muy loca pero muy divertida https://t.co/1dsNLZRaGk","1902435189554606350","https://pbs.twimg.com/media/GmbOgkza8AAgiuZ.jpg","","es","BAR√áA STORE","20","44","646","https://x.com/FCBarcelona_es/status/1902435189554606350","112764971","FCBarcelona_es"
"1901573536482824458","Mon Mar 17 09:57:15 +0000 2025","1458","Poblaciones extranjeras con costumbres extra√±as e idiomas desconocidos ocupan los espacios p√∫blicos y tercermundizan los barrios de la ciudad de Barcelona. Ni rastro de espa√±oles solo quedan los edificios con las fachadas vandalizadas y letreros frluorecentes de comida halal. https://t.co/CX8igtkZ2O","1901573536482824458","https://pbs.twimg.com/amplify_video_thumb/1901573425119809536/img/Ii7FDrnFw6zJwLgn.jpg","","es","Madrid, Espa√±a","26","153","726","https://x.com/SrLiberal/status/1901573536482824458","1142823700829540356","SrLiberal"
"1901612120967389433","Mon Mar 17 12:30:34 +0000 2025","5659","Barcelona fans in Egypt celebrating the comeback against Atletico Madrid. This is so beautiful Barcelona own Africa https://t.co/xMJ9StuvxE","1901612120967389433","https://pbs.twimg.com/amplify_video_thumb/1901611415980404737/img/7hlLQpvkXy5bbvEL.jpg","","en","","11","21","438","https://x.com/AnabellaMarvy/status/1901612120967389433","908990555308347398","AnabellaMarvy"
"1901627694892064813","Mon Mar 17 13:32:27 +0000 2025","3498","Una turista hace esto en Dub√°i Pasar√≠a lo mismo en Singapur Luxemburgo y posiblemente Suiza. Es lo que tiene ser un pa√≠s rico Prueben a hacer lo mismo en Barcelona https://t.co/LJaK70H8Vh","1901627694892064813","https://pbs.twimg.com/ext_tw_video_thumb/1901482625669443584/pu/img/g1rwEKECG954mjwa.jpg","","es","Espa√±a","70","532","452","https://x.com/manuel_llamas/status/1901627694892064813","76701961","manuel_llamas"
"1902483973214785789","Wed Mar 19 22:15:00 +0000 2025","8386","Man United have played more games with less than 72 hours rest than any other club in Europe's top four leagues since the 2022/23 season: Man United - 42 Real Madrid - 41 Barcelona - 40 (Via: @TheAthleticFC) https://t.co/B2EeT9iMeD","1902483973214785789","https://pbs.twimg.com/media/GmbpmZpbAAAq-Mm.jpg","","en","","96","84","783","https://x.com/footballontnt/status/1902483973214785789","2319121626","footballontnt"
"1902130955394888117","Tue Mar 18 22:52:14 +0000 2025","10983","now Kennedy Agyapong dey owe pass Barcelona Anas adidi rough https://t.co/Ux1l0GooOe","1902130955394888117","https://pbs.twimg.com/media/GmW6A5mXQAAb3KB.jpg","","tl","Globalüåç","11","188","553","https://x.com/the_marcoli_boy/status/1902130955394888117","1267067442884481027","the_marcoli_boy"
"1901643048229945444","Mon Mar 17 14:33:28 +0000 2025","7636","We got a glimpse of prime Barcelona 2009 last night.https://t.co/uv99AIhUE8","1901643048229945444","https://pbs.twimg.com/amplify_video_thumb/1901642485245329408/img/h1TEsojA7Oozh9XA.jpg","","en","","17","19","320","https://x.com/TheAminFCB2/status/1901643048229945444","1567949690355810309","TheAminFCB2"
"1901798647777333574","Tue Mar 18 00:51:45 +0000 2025","20227","Ô∏èÔ∏è ¬°Confirmados nuestros rivales para la fase de grupos de la @Libertadores 2025! Ô∏è üá™üá® Independiente del Valle üáµüá™ Universitario üá™üá® Barcelona #VamosRiver Ô∏è https://t.co/figJyxWNNV","1901798647777333574","https://pbs.twimg.com/media/GmSLyORWIAA-pOd.jpg","","es","","250","551","1688","https://x.com/RiverPlate/status/1901798647777333574","161734463","RiverPlate"
"1901393394292707400","Sun Mar 16 22:01:26 +0000 2025","13603","Obligatorio que Messi ba√±e a todos los beb√©s por Barcelona https://t.co/qRIcynT0yk","1901393394292707400","https://pbs.twimg.com/media/GmMbNe_WAAALQc9.jpg","","es","Ó®Ä","12","27","606","https://x.com/JeffFcb14/status/1901393394292707400","3362561752","JeffFcb14"
"1901375353399967867","Sun Mar 16 20:49:44 +0000 2025","10671","OTRO GOL DE JULI√ÅN √ÅLVAREZ AL BARCELONA MEJOR DEL MUNDO https://t.co/y6OwOhkLP6","1901375353399967867","https://pbs.twimg.com/ext_tw_video_thumb/1901375029784481792/pu/img/BjMIauKQ4NgPx81k.jpg","","es","la capital","28","76","343","https://x.com/rubennatm/status/1901375353399967867","902240931889500161","rubennatm"
"1900638066164822396","Fri Mar 14 20:00:01 +0000 2025","43163","As√≠ contaba Messi c√≥mo Ronaldinho le dejaba la 10 tras uno de sus √∫ltimos entrenamientos en Barcelona. El resto es historia. https://t.co/PPYNbrSSOS","1900638066164822396","https://pbs.twimg.com/ext_tw_video_thumb/1562232974183174144/pu/img/xqlY0wV9sTUZKxF-.jpg","","es","Desde Buenos Aires, Argentina","149","101","3308","https://x.com/VSportsTM/status/1900638066164822396","131967942","VSportsTM"
"1902301634471858565","Wed Mar 19 10:10:27 +0000 2025","11"," 19 69‚Ç¨ de alta demanda en @cabify_esp cuando hay taxis de sobra en Barcelona. Casi la mitad del precio del viaje es un recargo arbitrario. ¬øEsto es movilidad justa? Con el taxi el precio es transparente y sin sorpresas. #TimoVTC #MejorenTaxi #ULTIMAHORA https://t.co/k0GI2uTZnD","1902301634471858565","https://pbs.twimg.com/media/GmZSEg_boAAafv6.jpg","","es","Barcelona","1","1","5","https://x.com/Elite_TaxiBcn/status/1902301634471858565","2415010228","Elite_TaxiBcn"
"1900835243914842436","Sat Mar 15 09:03:32 +0000 2025","8240","Got a bit carried away by the wild atmosphere at #Smackdown in Barcelona last night. https://t.co/A7dXKp7pTt","1900835243914842436","https://pbs.twimg.com/media/GmEfk1bWIAEBqQK.jpg","","en","Far from the madding crowd","12","42","307","https://x.com/StuBennett/status/1900835243914842436","73571504","StuBennett"
"1901444611488559379","Mon Mar 17 01:24:57 +0000 2025","9","FC Barcelona filial Medell√≠n https://t.co/GeB7kpcMP4","1901444611488559379","https://pbs.twimg.com/media/GmNJykBWAAAOoMe.jpg","","ca","Medell√≠n, Colombia","1","0","0","https://x.com/MadelnMDE/status/1901444611488559379","1471247453261340680","MadelnMDE"
"1902399119806627958","Wed Mar 19 16:37:49 +0000 2025","23067","Estaban pasando la repetici√≥n del Barcelona-Benfica y yo a√∫n sigo sin superar el golazo de Lamine Yamal https://t.co/XKV1u8Kd5u","1902399119806627958","https://pbs.twimg.com/ext_tw_video_thumb/1902399090773692416/pu/img/vYOb8kMZUujnGI6l.jpg","","es","ùêÖùêÇ ùêÅùêÄùêëùêÇùêÑùêãùêéùêçùêÄ ","66","127","537","https://x.com/TriggerFCB/status/1902399119806627958","1172124619597385728","TriggerFCB"
"1901661545333191010","Mon Mar 17 15:46:58 +0000 2025","4606","Barcelona under Hansi Flick. https://t.co/oIiW2G1uDC","1901661545333191010","https://pbs.twimg.com/media/GmQPDOXaQAAVewr.jpg","","sv","Barcelona, Spain","9","14","357","https://x.com/BarcaWorldwide/status/1901661545333191010","2894793029","BarcaWorldwide"
"1902435189554606350","Wed Mar 19 19:01:10 +0000 2025","917","https://t.co/Ldq4NOUiUe","1902435192842735919","https://pbs.twimg.com/media/GmbOi1BWsAANMs_.jpg","FCBarcelona_es","zxx","BAR√áA STORE","0","1","39","https://x.com/FCBarcelona_es/status/1902435192842735919","112764971","FCBarcelona_es"
"1902050111896875456","Tue Mar 18 17:30:59 +0000 2025","9022","Visca el Bar√ßa i visca Pol√≤nia üáµüá± https://t.co/rLQo0Lvc2Z","1902050111896875456","https://pbs.twimg.com/media/GmVwehqXcAEokVW.jpg","","ca","BAR√áA STORE","26","46","431","https://x.com/FCBarcelona_es/status/1902050111896875456","112764971","FCBarcelona_es"
"1902329470138097941","Wed Mar 19 12:01:03 +0000 2025","6131","Omnipresente. https://t.co/ppObzVfKAt","1902329470138097941","https://pbs.twimg.com/media/GmZuiY5a8AEf4Da.jpg","","sv","BAR√áA STORE","6","21","227","https://x.com/FCBarcelona_es/status/1902329470138097941","112764971","FCBarcelona_es"
"1901642185105391808","Mon Mar 17 14:30:02 +0000 2025","42331","There was a stretch this season when Barcelona played 4 games in 9 days https://t.co/n1KFz5VGSI","1901642185105391808","https://pbs.twimg.com/media/GmP9fCZW4AA7xQA.jpg","","en","","163","304","2325","https://x.com/ESPNFC/status/1901642185105391808","18091004","ESPNFC"
"1902473886945464412","Wed Mar 19 21:34:55 +0000 2025","458"," üá™üá∏ #ZARAGOZA | La Guardia Civil detiene a cuatro marroqu√≠es por intentar robar la carga de un cami√≥n en La Puebla de Alfind√©n Zaragoza. Ô∏è Los cuatro ladrones iban encapuchados y residen en la provincia de Barcelona. https://t.co/1dRvsghPW6","1902473886945464412","https://pbs.twimg.com/ext_tw_video_thumb/1902473555813576704/pu/img/tZR6YPfp05Q9VNFd.jpg","","es","Espa√±a","14","22","307","https://x.com/invadidos_com/status/1902473886945464412","1813583427591143424","invadidos_com"
"1901439002621731044","Mon Mar 17 01:02:39 +0000 2025","12251"," Messi stepped on a Barcelona shirt saw it and didn't even pick it up Cristiano Ronaldo would never do this to any jersey. https://t.co/5OqZUeTV1y","1901439002621731044","https://pbs.twimg.com/ext_tw_video_thumb/1901411458254053376/pu/img/K3A-2TwnBtG897Ov.jpg","","en","","148","721","481","https://x.com/NoodleHairCR7/status/1901439002621731044","1112077071071805442","NoodleHairCR7"
"1902328304469995773","Wed Mar 19 11:56:25 +0000 2025","11007","Ô∏è Lamine Yamal: If Barcelona win every title this season the Ballon d'Or is the last thing I would worry about. https://t.co/2p82Q9cjS4","1902328304469995773","https://pbs.twimg.com/media/GmZtgVNa8AUEXUQ.jpg","","en","Barcelona, Spain","4","24","323","https://x.com/ManagingBarca/status/1902328304469995773","1287288253326876673","ManagingBarca"
"1902077140373258354","Tue Mar 18 19:18:23 +0000 2025","2249","Defender la propiedad privada y combatir la okupaci√≥n ilegal no es fascismo es justicia. No nos van a amedrentar con insultos ni violencia. Seguiremos trabajando por una #Barcelona segura y libre de okupas le pese a quien le pese. #FueraOkupas https://t.co/v7nKcn84CH","1902077140373258354","https://pbs.twimg.com/amplify_video_thumb/1902077059368939524/img/XvC3hWaJUGkyLoi1.jpg","","es","Espa√±a","66","332","585","https://x.com/danielsirera/status/1902077140373258354","10808952","danielsirera"
"1901614557258297656","Mon Mar 17 12:40:15 +0000 2025","3856","Uno de los gitanos detenidos en La Mina en Barcelona en enero por el tiroteo con armas de guerra grita Me cago en los muertos de los chivatos . Esto es una amenaza que se traduce en la guerra que existe entre dos familias por el control de la droga. https://t.co/TXwDJ1chkZ","1901614557258297656","https://pbs.twimg.com/amplify_video_thumb/1901614489306324992/img/8RDZAEGKftYsZoc4.jpg","","es","Valencia, Espa√±a","51","226","569","https://x.com/AltRightEspan/status/1901614557258297656","1371084270597509123","AltRightEspan"
"1899966534392451109","Wed Mar 12 23:31:36 +0000 2025","18636","Barcelona fans please learn the rules.https://t.co/ITLdk6mKKJ","1899966534392451109","https://pbs.twimg.com/ext_tw_video_thumb/1899965440404643840/pu/img/BDvGavTB77JjFpa_.jpg","","en","Mount Myoboku","359","481","2990","https://x.com/ry_anom/status/1899966534392451109","1153391224147054593","ry_anom"
"1901303897139900689","Sun Mar 16 16:05:48 +0000 2025","672","Que corri aquest video de la nova manipulaci√≥ de TV3 amb l'agressi√≥ que va haver-hi per part de radicals d'esquerres a la parada d'@CatalunyaAC a Barcelona. Blanqueig absolut de tot el que tingui a veure anar en contra @CatalunyaAC https://t.co/XLgn66STq7","1901303897139900689","https://pbs.twimg.com/ext_tw_video_thumb/1901297934303641600/pu/img/SSu4W_SkL6hpmkEw.jpg","","ca","","9","39","375","https://x.com/tonetaso90/status/1901303897139900689","1324504735622352903","tonetaso90"
"1901393778394440189","Sun Mar 16 22:02:57 +0000 2025","774","No Barcelona fan should have less than 3000 followers Repost and comment Ô∏è and follow anyone who likes your comment Ô∏è https://t.co/V6BlCuhQjb","1901393778394440189","https://pbs.twimg.com/media/GmMbjwuW4AAtacU.jpg","","en","üõ∏","1","220","66","https://x.com/ChalalaFCB_/status/1901393778394440189","1621945734101622784","ChalalaFCB_"
"1902042782543335693","Tue Mar 18 17:01:52 +0000 2025","3228","Barcelona fan names the top five La Liga players this season üá™üá∏ @LaLigaEN https://t.co/U0slyfYJIL","1902042782543335693","https://pbs.twimg.com/amplify_video_thumb/1902039063126757376/img/T50eqP_UwqFswY_5.jpg","","en","Everywhere","24","74","170","https://x.com/goal/status/1902042782543335693","26809005","goal"
"1901535578102825359","Mon Mar 17 07:26:25 +0000 2025","22999","It s not just Barcelona but the entire football world acts like this didn t happen last season and last 2 seasons. https://t.co/jyFGvXe5bZ","1901535578102825359","https://pbs.twimg.com/media/GmOchoeagAAc0W6.jpg","","en","Dm for Business ","114","391","1843","https://x.com/RmaDonyfc/status/1901535578102825359","1650497412710924291","RmaDonyfc"
"1902646573198414066","Thu Mar 20 09:01:07 +0000 2025","939","Ô∏è Bon dia des de les obres de l'Spotify Camp Nou https://t.co/ZsDJ9gWsau","1902646573198414066","https://pbs.twimg.com/media/GmeO8bCaAAAjNCV.jpg","","fr","BAR√áA STORE ","11","9","51","https://x.com/FCBarcelona_cat/status/1902646573198414066","14727959","FCBarcelona_cat"
"1902654399878725749","Thu Mar 20 09:32:13 +0000 2025","1250","Tentarane wae kon bal-balan.","1902654399878725749","","","in","Meet me in Montauk.","49","83","1030","https://x.com/barcelonabryan/status/1902654399878725749","29410995","barcelonabryan"
"1902473422560751952","Wed Mar 19 21:33:04 +0000 2025","10191","üá∫üá∏ EXCL: Inter Miami new signing Allen Obando arrived in town today for medical tests at the club. 18 year old Ecuadorian striker joins Atl√©tico Madrid Group for $4m total fee from Barcelona Guayadaquil and then signs for Inter Miami on loan. Here we go confirmed. üá™üá® https://t.co/LvWW4PvWfU","1902473422560751952","https://pbs.twimg.com/media/GmbxfUXa8AIWZHo.jpg","","en","Milano, Italia","140","244","782","https://x.com/FabrizioRomano/status/1902473422560751952","330262748","FabrizioRomano"
"1901173712524599772","Sun Mar 16 07:28:29 +0000 2025","35","Se llama Danko Fue abandonado por su familia que no miro atr√°s Se suma a la lista de casos dif√≠ciles pese a ser un perro bueno cari√±oso y que pasea perfectamente Es inocent√≥n y muy d√≥cil Est√° en Sircan Barcelona pero puede viajar WhatsApp 658369729 #AdoptaNoCompres https://t.co/4T1XVbfWXQ","1901173712524599772","https://pbs.twimg.com/media/GmJTaZyXoAAZggK.jpg","","es","Molins de Rei, Espa√±a","0","13","27","https://x.com/J_Zaragoza_/status/1901173712524599772","715890348569010176","J_Zaragoza_"
"1902487708447986112","Wed Mar 19 22:29:50 +0000 2025","1660","Espanyol beat Barcelona 5-0 for the Copa Catalunya today. Bar√ßa did not play with the first team. Not even Hansi Flick was on the bench. https://t.co/xq3sj4bBzu","1902487708447986112","https://pbs.twimg.com/media/Gmb-Zy_aoAAKZ1C.jpg","","en","Barcelona","7","30","38","https://x.com/BarcaUniversal/status/1902487708447986112","885972982052597761","BarcaUniversal"
"1902608795974369623","Thu Mar 20 06:31:00 +0000 2025","1602"," Manchester City are preparing to offer more than ‚Ç¨80m to Barcelona for Brazilian winger Raphinha. (Source: El Nacional) https://t.co/C85FW9flE4","1902608795974369623","https://pbs.twimg.com/media/GmcxL6KbQAA1Bc2.jpg","","en","","22","89","94","https://x.com/DeadlineDayLive/status/1902608795974369623","1030711922","DeadlineDayLive"
"1902391953427489149","Wed Mar 19 16:09:21 +0000 2025","3536","| JUST IN: Barcelona are closely monitoring Feyenoord's 18 year old right-back Givairo Read. He wouldn't cost much and fits all the criteria the club is looking for (young great potential can play on both flanks etc). [@tjuanmarti] #fcblive üá≥üá± https://t.co/8SSxZ6wmEs","1902391953427489149","https://pbs.twimg.com/media/GmanZl8a8AMV0eE.jpg","","en","London, England","18","52","127","https://x.com/BarcaTimes/status/1902391953427489149","1603887084","BarcaTimes"
"1901395145397842196","Sun Mar 16 22:08:23 +0000 2025","9662","Football. https://t.co/HLkVHwbHdO","1901395145397842196","https://pbs.twimg.com/media/GmMcxSmWEAApedU.jpg","","en","POLSERES BLAUGRANES  üëâ","7","27","346","https://x.com/fcbarcelona_fra/status/1901395145397842196","725581819","fcbarcelona_fra"
"1902630275018060098","Thu Mar 20 07:56:21 +0000 2025","309","Barcelona isn t just the most-visited city in Spain by foreigners But UNESCO's World Capital of Architecture for 2026. Here are the 20 most dazzling sites that earned it this title: (a ) https://t.co/ut4lcgN5JQ","1902630275018060098","https://pbs.twimg.com/media/GmeAJJkWYAAvjoq.jpg","","en","","4","8","34","https://x.com/NickLovesSpain/status/1902630275018060098","358008626","NickLovesSpain"
"1902683885365871024","Thu Mar 20 11:29:23 +0000 2025","57","Ô∏è Joselu: Barcelona and Atl√©tico will NEVER see the two touches on Juli√°n √Ålvarez. If I put myself as a neutral I have seen images where it s clearly seen that he took two TOUCHES. @ellarguero https://t.co/xxMW46seeK","1902683885365871024","https://pbs.twimg.com/media/Gmew6AVW4AE_LQw.jpg","","en","","0","6","9","https://x.com/theMadridZone/status/1902683885365871024","1277236151343087617","theMadridZone"
"1902368212731252879","Wed Mar 19 14:35:00 +0000 2025","13422","2 semanas sin ver al put√≠simo FC Barcelona https://t.co/WX58nHiZyI","1902368212731252879","https://pbs.twimg.com/media/GmaRzbJa8AIYDz9.jpg","","es","","10","42","807","https://x.com/GxlDePaulinho/status/1902368212731252879","1346802361361170432","GxlDePaulinho"
"1901393760707072163","Sun Mar 16 22:02:53 +0000 2025","1659"," No Barcelona fan should have less than 9000 followers. FOLLOW ME reply under this tweet and follow everyone who likes your tweet Ô∏è https://t.co/szxGZ2CfL8","1901393760707072163","https://pbs.twimg.com/media/GmMbiv2a4AAauZ2.jpg","","en","","1","469","155","https://x.com/BoazFCB/status/1901393760707072163","1493528687446212608","BoazFCB"
"1901386587620954348","Sun Mar 16 21:34:23 +0000 2025","53","Barcelona is trash","1901386587620954348","","","en","Kampala, Uganda","9","13","1","https://x.com/SourceGarland/status/1901386587620954348","1106107399201525761","SourceGarland"
"1901424309962158206","Mon Mar 17 00:04:16 +0000 2025","12781","Messi stepped on Barcelona shirt https://t.co/13vUkncoDJ","1901424309962158206","https://pbs.twimg.com/media/GmM3VW-WwAAGEJ-.jpg","","en","","75","190","613","https://x.com/NoodleHairCR7/status/1901424309962158206","1112077071071805442","NoodleHairCR7"
"1902661644632953270","Thu Mar 20 10:01:00 +0000 2025","691"," Barcelona want to re-sign Argentina forward Lionel Messi to coincide with their planned return to Camp Nou in the summer of 2026. (Source: TNT Sports) https://t.co/ZphPPPeOPQ","1902661644632953270","https://pbs.twimg.com/media/GmctfbGbwAA92vm.jpg","","en","","7","39","51","https://x.com/DeadlineDayLive/status/1902661644632953270","1030711922","DeadlineDayLive"
"1902389232905158717","Wed Mar 19 15:58:32 +0000 2025","9670"," BREAKING: Ansu Fati's father expressed his disappointment with Barcelona's board. Fati's camp believe the player deserves more chances to prove his worth. He is giving his all during training but he has not yet received any reward. @JijantesFC https://t.co/ddkSzZvjGZ","1902389232905158717","https://pbs.twimg.com/media/Gmak691bwAAqHix.jpg","","en","Barcelona","79","250","331","https://x.com/BarcaUniversal/status/1902389232905158717","885972982052597761","BarcaUniversal"
"1902057879827595555","Tue Mar 18 18:01:51 +0000 2025","7022","üáµüá± ùóöùó®ùóòùó¶ùó¶ ùó™ùóõùó¢? üáµüá± With Robert Lewandowski &amp; Ewa Pajor https://t.co/FU7XSwO8Gp","1902057879827595555","https://pbs.twimg.com/media/GmV3gzFWkAAJquw.jpg","","en","BAR√áA STORE ","54","101","354","https://x.com/FCBarcelona/status/1902057879827595555","96951800","FCBarcelona"
"1901394315819077972","Sun Mar 16 22:05:05 +0000 2025","159662"," FULL TIME! FULL TIME! FULL TIME! FULL TIME! WHAT A COMEBACK! https://t.co/qlKG5aIUMk","1901394315819077972","https://pbs.twimg.com/media/GmMbwXebMAAUDVX.jpg","","en","BAR√áA STORE ","3567","2127","24566","https://x.com/FCBarcelona/status/1901394315819077972","96951800","FCBarcelona"
"1902452516106764615","Wed Mar 19 20:10:00 +0000 2025","9429","No s'ho pot creure https://t.co/gPDLQv0Fwa","1902452516106764615","https://pbs.twimg.com/ext_tw_video_thumb/1902450522935713792/pu/img/uVrnVdRzYgIDWi3G.jpg","","en","üõçÔ∏è BAR√áA STORE ","171","84","685","https://x.com/FCBfemeni/status/1902452516106764615","2196387576","FCBfemeni"
"1899864978472972673","Wed Mar 12 16:48:03 +0000 2025","17892","Barcelona fans in Senegal watching the match against Benfica. Barcelona is lowkey the most popular club in Africa https://t.co/2YFMI4xTX2","1899864978472972673","https://pbs.twimg.com/amplify_video_thumb/1899864661954039808/img/rAMIXkvPMGkgKLfJ.jpg","","en","","52","93","1212","https://x.com/AnabellaMarvy/status/1899864978472972673","908990555308347398","AnabellaMarvy"
"1901542379603079285","Mon Mar 17 07:53:26 +0000 2025","3474","Lionel Messi pisando la camiseta del Barcelona el club de sus amores. JAJAJAJAJAJA https://t.co/Ne9Big6B83","1901542379603079285","https://pbs.twimg.com/ext_tw_video_thumb/1901411458254053376/pu/img/K3A-2TwnBtG897Ov.jpg","","es","","48","199","235","https://x.com/AdriRM33/status/1901542379603079285","2411008925","AdriRM33"
"1902473347599876306","Wed Mar 19 21:32:46 +0000 2025","1750","‚èπÔ∏è Final del partit. Passem a la final de la #CopaCat! #RCDE https://t.co/cfvcci3fzp","1902473347599876306","https://pbs.twimg.com/media/GmbxatbW0AA7heT.jpg","","ca","RCDE Stadium","100","111","189","https://x.com/RCDEspanyol/status/1902473347599876306","114516774","RCDEspanyol"
"1902465393098211424","Wed Mar 19 21:01:10 +0000 2025","2776","ùóßùóº: the blaugrana family ùóôùóøùóºùó∫: the players https://t.co/lNp5SDOCwf","1902465393098211424","https://pbs.twimg.com/media/GmbqJp2W0AA-QiH.jpg","","en","BAR√áA STORE ","8","52","159","https://x.com/FCBarcelona/status/1902465393098211424","96951800","FCBarcelona"
"1900503706694537519","Fri Mar 14 11:06:07 +0000 2025","2298","Inmigrantes luchan con machetes para decidir quien nos paga las pensiones en el Raval de Barcelona https://t.co/M5ThHuspM8","1900503706694537519","https://pbs.twimg.com/ext_tw_video_thumb/1900503636737691648/pu/img/LR2bPKqErylNY8WC.jpg","","es","Espa√±a","34","50","386","https://x.com/MediterraneoDGT/status/1900503706694537519","200568348","MediterraneoDGT"
"1901719629673767291","Mon Mar 17 19:37:46 +0000 2025","33795","We're in first place. https://t.co/MSKBRWvh3V","1901719629673767291","https://pbs.twimg.com/media/GmRD64hWwAA6YzN.jpg","","en","BAR√áA STORE ","53","189","2071","https://x.com/FCBarcelona/status/1901719629673767291","96951800","FCBarcelona"
"1901393886653587924","Sun Mar 16 22:03:23 +0000 2025","862","Is Barcelona the best team in the world? https://t.co/DkyVeX5qfL","1901393886653587924","https://pbs.twimg.com/media/GmMbqMzWMAAdzNc.jpg","","en","Island Of Queens","5","69","61","https://x.com/MaameAmaAdoma/status/1901393886653587924","1220281602103791617","MaameAmaAdoma"
"1901620399751716964","Mon Mar 17 13:03:28 +0000 2025","5017","O Messi pisando na camisa do Barcelona Ele √© muuito madridista KKKKKKKKKKKKKKKKKKKKKKKK https://t.co/aXvHGvJDAY","1901620399751716964","https://pbs.twimg.com/amplify_video_thumb/1901425400896487424/img/V6AXaAev_Gt6Oh3b.jpg","","pt","Xique-Xique, Brasil","25","50","228","https://x.com/realmilgrauu/status/1901620399751716964","1276657624046542851","realmilgrauu"
"1901392573350150484","Sun Mar 16 21:58:10 +0000 2025","7859","D√úNYANIN EN ƒ∞Yƒ∞Sƒ∞ HEN√úZ RE≈ûƒ∞T Bƒ∞LE DEƒûƒ∞L https://t.co/XaONN544oI","1901392573350150484","https://pbs.twimg.com/media/GmMadsiXsAAh81b.jpg","","tr","","9","56","90","https://x.com/BarcelonaTR/status/1901392573350150484","292816779","BarcelonaTR"
"1902676500769366271","Thu Mar 20 11:00:02 +0000 2025","715","L'hem de cuidar https://t.co/hKSp7IQNX6","1902676500769366271","https://pbs.twimg.com/media/GmbaisnWIAAKy_p.jpg","","ca","üõçÔ∏è BAR√áA STORE ","4","4","58","https://x.com/FCBfemeni/status/1902676500769366271","2196387576","FCBfemeni"
"1902019369770578061","Tue Mar 18 15:28:50 +0000 2025","6757","A fan spotted a Barcelona shirt on sale with the 15 UCL patch. https://t.co/nG2S480pRy","1902019369770578061","https://pbs.twimg.com/media/GmVUhnzaoAAHLon.jpg","","en","Madrid","87","159","361","https://x.com/MadridUniversal/status/1902019369770578061","1390468360459128832","MadridUniversal"
"1900789218781044833","Sat Mar 15 06:00:39 +0000 2025","9103","Movida promovida por el Ayuntamiento... de Barcelona. ¬øNot√°is algo que falta? https://t.co/7aNVPx9hhT","1900789218781044833","https://pbs.twimg.com/media/GmD1uF7bcAE3d9Q.jpg","","es","Neverland","370","3080","2043","https://x.com/LaEtxebarria/status/1900789218781044833","245791854","LaEtxebarria"
"1901386662531178694","Sun Mar 16 21:34:41 +0000 2025","7036","Can Barcelona comeback.? https://t.co/iwYsFdhY4s","1901386662531178694","https://pbs.twimg.com/media/GmMVFmlaQAEhH7V.jpg","","en","Nigeria","70","327","293","https://x.com/39billion/status/1901386662531178694","1575613053244096512","39billion"
"1901403240807432337","Sun Mar 16 22:40:33 +0000 2025","249","que todos los jugadores del f√∫tbol club barcelona vuelvan sanos y salvos de este par√≥n de selecciones https://t.co/1XdhEyHwNQ","1901403240807432337","https://pbs.twimg.com/tweet_video_thumb/GmMkKk9XoAA3JSK.jpg","","es","","0","5","48","https://x.com/luvsfcb/status/1901403240807432337","315932397","luvsfcb"
"1902588446566199546","Thu Mar 20 05:10:08 +0000 2025","4168","[250320] txt instagram update - #taehyun hola! ed sheeran - barcelona @TXT_members @TXT_bighit https://t.co/IDuQlVJgQM","1902588446566199546","https://pbs.twimg.com/media/GmdaETjawAArhmM.jpg","","en","","274","22","1218","https://x.com/translatingTXT/status/1902588446566199546","949093351357403136","translatingTXT"
"1902423035954786522","Wed Mar 19 18:12:51 +0000 2025","1515","GOOOOOOL DE PAJOOOOOR Ô∏è 0-1 | ‚è±Ô∏è 26 | #WolfsburgBar√ßa https://t.co/5TFkWep74Y","1902423035954786522","https://pbs.twimg.com/ext_tw_video_thumb/1902422949409517571/pu/img/tQEu3AjqeagVACBt.jpg","","es","üõçÔ∏è BAR√áA STORE ","36","26","203","https://x.com/FCBfemeni/status/1902423035954786522","2196387576","FCBfemeni"
"1900201721575383062","Thu Mar 13 15:06:09 +0000 2025","2613","üá™üá∏ El Raval (Barcelona) un barrio destruido por completo. Un magreb√≠ interrumpe a una vecina y dice que sabe m√°s que ella del barrio y luego se pone a perseguir a una chica en bici. ¬øAll√≠ gobierna la ultraderecha o qui√©n? https://t.co/aZ1sbP3Csg","1900201721575383062","https://pbs.twimg.com/ext_tw_video_thumb/1801001947916275712/pu/img/wGteu6T6Oh_W-A4K.jpg","","es","Kensington, London","31","93","1048","https://x.com/CapitanBitcoin/status/1900201721575383062","978932870","CapitanBitcoin"
"1900887441810104795","Sat Mar 15 12:30:57 +0000 2025","5408","6 argelinos detenidos por robar en el aeropuerto de Barcelona. Pero tranquilos que la inmigraci√≥n ilegal y la delincuencia es un invento de los fachas. https://t.co/THoxLsyN6k","1900887441810104795","https://pbs.twimg.com/ext_tw_video_thumb/1900886895036395520/pu/img/Jh_pw5mh5I-b6A9f.jpg","","es","","19","67","2173","https://x.com/Rittenreloaded/status/1900887441810104795","1656157118049792005","Rittenreloaded"
"1902389610186961234","Wed Mar 19 16:00:02 +0000 2025","4253","Hablando de goles. üáµüá± https://t.co/Is8wWOhARS","1902389610186961234","https://pbs.twimg.com/media/GmZtqrsXgAA7nt6.jpg","","es","BAR√áA STORE","4","13","135","https://x.com/FCBarcelona_es/status/1902389610186961234","112764971","FCBarcelona_es"
"1900951917154484485","Sat Mar 15 16:47:09 +0000 2025","1904","Los pol√≠ticos y la polic√≠a de Terrassa Barcelona disfrutando de una fiesta del Ramad√°n. https://t.co/Hnn38CSmna","1900951917154484485","https://pbs.twimg.com/amplify_video_thumb/1900950126044073984/img/wx5BbXECOvMO5nzy.jpg","","es","Valencia, Espa√±a","88","369","959","https://x.com/AltRightEspan/status/1900951917154484485","1371084270597509123","AltRightEspan"
"1902158146027569602","Wed Mar 19 00:40:17 +0000 2025","20804","Ô∏è| Cubars√≠: A player I would like to sign for Barcelona? Julian Alvarez. #fcblive üá¶üá∑ https://t.co/cmi56lLruF","1902158146027569602","https://pbs.twimg.com/media/GmXSwOSakAAlSbs.jpg","","en","London, England","43","43","590","https://x.com/BarcaTimes/status/1902158146027569602","1603887084","BarcaTimes"
"1901649728686747876","Mon Mar 17 15:00:00 +0000 2025","51650","Barcelona and Atletico Madrid won LALIGA five times between 2015 and 2021. Antoine Griezmann played for both clubs during this time and won zero league titles. He still hasn't won a top flight league trophy in his club career. https://t.co/6sc5Ymiqme","1901649728686747876","https://pbs.twimg.com/media/GmPzuT6XoAAyapS.jpg","","en","","341","420","3406","https://x.com/ESPNFC/status/1901649728686747876","18091004","ESPNFC"
"1901416642715820527","Sun Mar 16 23:33:48 +0000 2025","2387","QU√â VERG√úENZA @jotajordi13 que falta de respeto a Juli√°n √Ålvarez. Que mal me cae el Barcelona y viendo estas cosas peor a√∫n https://t.co/4NqlRrCbWD","1901416642715820527","https://pbs.twimg.com/amplify_video_thumb/1901410300374417408/img/1wgmcuEToAEORgel.jpg","","es","","36","392","207","https://x.com/AdriRM33/status/1901416642715820527","2411008925","AdriRM33"
"1901715052937216364","Mon Mar 17 19:19:35 +0000 2025","28369","La Audiencia Provincial de Barcelona nos da la raz√≥n: nos absuelve por falta de pruebas y MARLOS SE QUEDA CON SU FAMILIA. M√°s de 35.000 personas firmaron el change .org. Miles hab√©is escrito durante estas √∫ltimas semanas para dar √°nimos y suerte. Tant√≠simo amor puesto en una","1901715052937216364","","","es","Calle de la Piruleta","877","1341","3879","https://x.com/MIAREsproject/status/1901715052937216364","1239766345","MIAREsproject"
"1902622422039216249","Thu Mar 20 07:25:09 +0000 2025","281","Alejandro Balde a Barcelona player was spotted dancing to Shatta Wale's popular song Everybody Like My Thing . https://t.co/O8bDF1PMWO","1902622422039216249","https://pbs.twimg.com/amplify_video_thumb/1902622344092278784/img/yvfa6zrZ_YC7fY7g.jpg","","en","New York, NY","0","14","57","https://x.com/JasperZiggle/status/1902622422039216249","1291322477038252033","JasperZiggle"
"1902464131615391780","Wed Mar 19 20:56:09 +0000 2025","2379"," Ukrainian strongman Oleksii Novikov set a world record in the 18-inch deadlift lifting 550 kg in Barcelona on March 18. He s also an ambassador for Ukraine s 46th Separate Airmobile Brigade. https://t.co/CZ3ZgvrHZD","1902464131615391780","https://pbs.twimg.com/ext_tw_video_thumb/1902464100330041345/pu/img/ZuXtOP8OBc7e-V97.jpg","","en","","15","19","366","https://x.com/United24media/status/1902464131615391780","1550895583476449280","United24media"
"1901759197764866090","Mon Mar 17 22:15:00 +0000 2025","1296"," ùòøùôÄùòΩùòºùôèùôÄ: You're Mo Salah you have 3 options what one are you choosing? 1‚É£ Re-sign with Liverpool. 2‚É£ Tell your agent to get you an offer from Real Madrid Barcelona Bayern or PSG. 3‚É£ Join the Saudi Pro League and earn 5x your next best offer. https://t.co/SBjfRmDcpC","1901759197764866090","https://pbs.twimg.com/media/GmPlJxCXcAAvkZD.jpg","","en","","25","211","50","https://x.com/DeadlineDayLive/status/1901759197764866090","1030711922","DeadlineDayLive"
"1901393708378935375","Sun Mar 16 22:02:40 +0000 2025","1994","The aim is to connect with as many Barcelona fans online. Comment Ô∏è and follow anyone that likes your comment. Let s goÔ∏è https://t.co/GM44uKcn2N","1901393708378935375","https://pbs.twimg.com/media/GmMbfqIXIAAfcXf.jpg","","en","","1","526","176","https://x.com/Desmund_Oris/status/1901393708378935375","1266306126527770624","Desmund_Oris"
"1901672378116997378","Mon Mar 17 16:30:00 +0000 2025","39973","Esta foto va muy dura https://t.co/TZqhmCIZbe","1901672378116997378","https://pbs.twimg.com/media/GmM499MWYAANoET.jpg","","es","BAR√áA STORE","654","735","1581","https://x.com/FCBarcelona_es/status/1901672378116997378","112764971","FCBarcelona_es"
"1901397023946883097","Sun Mar 16 22:15:51 +0000 2025","23237","FOOTBALL CLUB BARCELONA https://t.co/RFRt5CI2Je","1901397023946883097","https://pbs.twimg.com/media/GmMeg0bWcAAYMqr.jpg","","en","","81","311","1776","https://x.com/theberneese/status/1901397023946883097","1248093516389126144","theberneese"
"1900905796117893135","Sat Mar 15 13:43:53 +0000 2025","19139","Vamo ser sincero? Absolutamente nenhum torcedor do Barcelona ou do Real Madrid quer que isso aqui aconte√ßa. https://t.co/bciV35Qz0T","1900905796117893135","https://pbs.twimg.com/media/GmFfvp_XMAAhj4M.jpg","","pt","Xique-Xique, Brasil","230","580","372","https://x.com/realmilgrauu/status/1900905796117893135","1276657624046542851","realmilgrauu"
"1902400269792764262","Wed Mar 19 16:42:23 +0000 2025","3476","| Ansu Fati s father is disappointed with Barcelona s board believing he deserves more chances after giving his all in training. [@JijantesFC] https://t.co/ur7QFNR1PT","1902400269792764262","https://pbs.twimg.com/media/Gmau9SCbsAE0cYZ.jpg","","en","Barcelona, Spain","20","106","113","https://x.com/ManagingBarca/status/1902400269792764262","1287288253326876673","ManagingBarca"
"1900834594556936583","Sat Mar 15 09:00:57 +0000 2025","8651","Seriously what ùò§ùò¢ùòØ'ùòµ Raphinha do? https://t.co/TdOlwjTHqa","1900834594556936583","https://pbs.twimg.com/media/GmEe-TZbcAAbjxj.jpg","","en","BAR√áA STORE ","20","116","459","https://x.com/FCBarcelona/status/1900834594556936583","96951800","FCBarcelona"
"1900238188599193860","Thu Mar 13 17:31:03 +0000 2025","8602"," From: Balde To: Raphinha https://t.co/hIECAK11OP","1900238188599193860","https://pbs.twimg.com/media/Gl8AiC_WMAA0la-.jpg","","en","BAR√áA STORE ","16","97","429","https://x.com/FCBarcelona/status/1900238188599193860","96951800","FCBarcelona"
"1901791109077946731","Tue Mar 18 00:21:48 +0000 2025","12435","JUGAMOS CONTRA EL BARCELONA DE LAMINE YAMAL PEDRI Y LEWANDOWSKI https://t.co/mjtXf55wmw","1901791109077946731","https://pbs.twimg.com/ext_tw_video_thumb/1821562693720977408/pu/img/uPfVtROT7fJQJyjy.jpg","","es","creador del Carrascalismo","12","57","460","https://x.com/frabigol/status/1901791109077946731","4568519680","frabigol"
"1901628050975977884","Mon Mar 17 13:33:52 +0000 2025","6445","The moment i witnessed more La Liga trophies than the entire Barcelona fraternity https://t.co/A4EZ2dqHLL","1901628050975977884","https://pbs.twimg.com/ext_tw_video_thumb/1901628012015316993/pu/img/bc0v1NBF8zbnBEKL.jpg","","en","Globalüåç","7","67","427","https://x.com/the_marcoli_boy/status/1901628050975977884","1267067442884481027","the_marcoli_boy"
"1901226941803594204","Sun Mar 16 11:00:00 +0000 2025","33639","Barcelona have a habit of beating Atl√©tico üá™üá∏ https://t.co/hzmD98WlAT","1901226941803594204","https://pbs.twimg.com/media/Gl_8x7CWgAAtuwE.jpg","","pt","Download the app üëâ","16","30","1411","https://x.com/OneFootball/status/1901226941803594204","799369969725227008","OneFootball"
"1901660006032044090","Mon Mar 17 15:40:51 +0000 2025","2448","Praying to the gods of football that they return to Barcelona uninjured. https://t.co/7cPKmLJiT9","1901660006032044090","https://pbs.twimg.com/media/GmQNsgNbgAEqJ7G.jpg","","en","RETRO BAR√áA JERSEYS üëï üëâ","5","19","112","https://x.com/totalBarca/status/1901660006032044090","74505531","totalBarca"
"1902623068133986715","Thu Mar 20 07:27:43 +0000 2025","339","Balde and other Barcelona players jamming to Shatta Wale s Like My Thing . This is bigggggg!!! https://t.co/B0GipxIZAR","1902623068133986715","https://pbs.twimg.com/amplify_video_thumb/1902622344092278784/img/yvfa6zrZ_YC7fY7g.jpg","","en","Trapping In Village ","2","7","48","https://x.com/GhanaYesu_/status/1902623068133986715","1634483399233613825","GhanaYesu_"
"1900122698006601736","Thu Mar 13 09:52:08 +0000 2025","8926","Barcelona efsanesi Luis Enrique 9 ya≈üƒ±ndaki kƒ±zƒ± Sana'yƒ± kaybettikten sonra acƒ± verici kaybƒ±na ve hayata inanƒ±lmaz bakƒ±≈üƒ±yla aileside dahil herkese √∂rnek oluyor... https://t.co/DBJXcLBpui","1900122698006601736","https://pbs.twimg.com/ext_tw_video_thumb/1861131581164752896/pu/img/WuTYqF_68f2GD2Dw.jpg","","tr","","68","120","686","https://x.com/epicfutboIani/status/1900122698006601736","1485263282491559937","epicfutboIani"
"1902451543388877124","Wed Mar 19 20:06:08 +0000 2025","7886"," ùóñùóîùó•ùó¢ ùó†ùó©ùó£ https://t.co/4nhk3TC2Rc","1902451543388877124","https://pbs.twimg.com/media/GmbdcqxWAAA8r6l.jpg","","ht","üõçÔ∏è BAR√áA STORE ","43","31","562","https://x.com/FCBfemeni/status/1902451543388877124","2196387576","FCBfemeni"
"1899957411693162638","Wed Mar 12 22:55:21 +0000 2025","18219","Hay cuentas del Barcelona con el ano completamente rojo de la rabia diciendo que no le da con los dos pies.. Estoy llorando. https://t.co/vGnsR70bN0","1899957411693162638","https://pbs.twimg.com/amplify_video_thumb/1899956453063979008/img/NMvZZxWyhmTPqlb8.jpg","","es","Islas Canarias, Espa√±a","452","471","2809","https://x.com/trunksRM/status/1899957411693162638","2322924101","trunksRM"
"1900973377273143500","Sat Mar 15 18:12:26 +0000 2025","2968","Seguimos sin entender nada. https://t.co/hlU4qO9kpy","1900973377273143500","https://pbs.twimg.com/media/GmGdCQ1W0AAibF5.jpg","","es","RCDE Stadium","167","990","199","https://x.com/RCDEspanyol/status/1900973377273143500","114516774","RCDEspanyol"
"1902485483114152419","Wed Mar 19 22:21:00 +0000 2025","908"," Liverpool are looking to fend off interest from Barcelona in Luis Diaz by extending his contract. Talks have taken place over recent months. (Source: Football Insider) https://t.co/4bBGikvGpi","1902485483114152419","https://pbs.twimg.com/media/GmX8Kk6a8AAiMjE.jpg","","en","","8","34","53","https://x.com/DeadlineDayLive/status/1902485483114152419","1030711922","DeadlineDayLive"
"1899575947247898740","Tue Mar 11 21:39:32 +0000 2025","4232","Ô∏è Hoy despu√©s de mucho tiempo he cogido el metro en Barcelona ¬°qu√© degradaci√≥n qu√© dejadez qu√© miseria! Ol√≠a a √Åfrica como si estuviera en Egipto o en cualquier pa√≠s del tercer mundo. Una mezcla de tristeza e impotencia me invadi√≥ al ver en lo que han convertido nuestra","1899575947247898740","","","es","","20","320","1259","https://x.com/Capitana_espana/status/1899575947247898740","2203624946","Capitana_espana"
"1900324584382939400","Thu Mar 13 23:14:21 +0000 2025","22945","Ô∏èNihat Kahveci: Fred senin ciƒüerini seveyim 37 ciƒüerle oynadƒ±n. Kostic... Real Madrid Barcelona izlesin; √º√ßl√º formasyona d√∂ns√ºn Kostic'i alƒ±rlar. https://t.co/iMkLpivKrM","1900324584382939400","https://pbs.twimg.com/ext_tw_video_thumb/1900323532321501185/pu/img/-bbYHLWDtu9uWS4c.jpg","","tr","T√ºrkiye ","14","57","453","https://x.com/KramponSport/status/1900324584382939400","967403454166650880","KramponSport"
"1901729383716626650","Mon Mar 17 20:16:32 +0000 2025","950","Barca fans will tell you Barcelona is the reason Spain has a World Cup Facts will tell you it's these two. https://t.co/qeJsBWB6cG","1901729383716626650","https://pbs.twimg.com/media/GmRMyr2bsAEYRB6.jpg","","en","","6","23","29","https://x.com/vini_ball/status/1901729383716626650","1513654428921995265","vini_ball"
"1901679928065589723","Mon Mar 17 17:00:01 +0000 2025","44946","This Barcelona trio has a total of 111 G/A this season Unreal numbers https://t.co/Hhke0xqxDt","1901679928065589723","https://pbs.twimg.com/media/GmQAsfiWIAAY7qi.jpg","","en","","97","233","3053","https://x.com/ESPNFC/status/1901679928065589723","18091004","ESPNFC"
"1900264980940759062","Thu Mar 13 19:17:31 +0000 2025","1773","Dues amigues de 25 anys salven la pastisseria m√©s antiga de Barcelona: √âs maqu√≠ssim conservar aquesta joia https://t.co/2bhHmiqWEA https://t.co/2bhHmiqWEA","1900264980940759062","","","ca","Barcelona","17","25","263","https://x.com/324cat/status/1900264980940759062","8330472","324cat"
"1901394232163680529","Sun Mar 16 22:04:45 +0000 2025","6274","NO BARCELONA FAN WILL SCROLL PAST WITHOUT LIKING THIS POST Ô∏è https://t.co/crbi5N9Tcj","1901394232163680529","https://pbs.twimg.com/media/GmMb-ENawAEGKva.jpg","","en","Nigeria","4","207","531","https://x.com/_VALKlNG/status/1901394232163680529","1116810307626782720","_VALKlNG"
"1900584697937490022","Fri Mar 14 16:27:57 +0000 2025","5312","| Barcelona s priority is to sign a long-term replacement for Robert Lewandowski and Deco is a big fan of Isak. @ChrisDHWaugh üá∏üá™ https://t.co/GnXpC1FrdC","1900584697937490022","https://pbs.twimg.com/media/GmA7tCnbgAABGi-.jpg","","en","Barcelona, Spain","15","98","183","https://x.com/ManagingBarca/status/1900584697937490022","1287288253326876673","ManagingBarca"
"1901657270481469734","Mon Mar 17 15:29:59 +0000 2025","4546","Hansi Flick. https://t.co/eSvxQqiNcC","1901657270481469734","https://pbs.twimg.com/media/GmQLNRDX0AAID9o.jpg","","en","","2","16","78","https://x.com/BarcelonaTR/status/1901657270481469734","292816779","BarcelonaTR"
"1901393530649563341","Sun Mar 16 22:01:58 +0000 2025","7661","BARCELONA FANS WORLD WIDE PLEASE GET IN HERE!!! LET US FUCKING CONNECT!! https://t.co/8hH06wTl9J","1901393530649563341","https://pbs.twimg.com/media/GmMbVK5W4AAMZjt.jpg","","en","","48","771","514","https://x.com/YemisiKolaa/status/1901393530649563341","1530476534460465152","YemisiKolaa"
"1902102718430282032","Tue Mar 18 21:00:02 +0000 2025","14176","La mirada de Balde Ô∏èÔ∏è https://t.co/cHvJx6fkSq","1902102718430282032","https://pbs.twimg.com/media/GmVN6otWoAEadjF.jpg","","es","BAR√áA STORE","19","29","378","https://x.com/FCBarcelona_es/status/1902102718430282032","112764971","FCBarcelona_es"
"1901693741796123060","Mon Mar 17 17:54:54 +0000 2025","1244","Han multiplicado por 8 el presupuesto en vivienda con los siguientes resultados: - Viviendas prometidas: 250.000 - Viviendas entregadas: 0 - Escasez cr√≥nica de viviendas en Barcelona √∫nica ciudad donde se aplica su Ley de Vivienda Vota PSOE. https://t.co/6xE9zeKsmb","1901693741796123060","https://pbs.twimg.com/media/GmPGeXyWgAAL9fr.jpg","","es","","8","36","533","https://x.com/ToroenReposo/status/1901693741796123060","297347533","ToroenReposo"
"1901476559200067964","Mon Mar 17 03:31:54 +0000 2025","5017"," Messi stamped on a Barcelona Kit and didn't even regret later. But But Cristiano Ronaldo is the Arrogant one . https://t.co/HPUUMjqdtu","1901476559200067964","https://pbs.twimg.com/media/GmNm1ZWb0AA28qa.jpg","","en","Portugal","44","228","337","https://x.com/TeamCRonaldo/status/1901476559200067964","2192335506","TeamCRonaldo"
"1901393998008209660","Sun Mar 16 22:03:49 +0000 2025","1051","Barcelona drop your handles let's gain. https://t.co/yCAcutbB0q","1901393998008209660","https://pbs.twimg.com/media/GmMbw4LW0AAL534.jpg","","en","","3","397","85","https://x.com/nuradeeeen/status/1901393998008209660","1508513085790859268","nuradeeeen"
"1901810147535536159","Tue Mar 18 01:37:27 +0000 2025","35","*Barcelona se salva inexplicablemente* Un se√±or que sali√≥ de la put√≠sima nada: https://t.co/WTYkAkr6Ko","1901810147535536159","https://pbs.twimg.com/media/GmSWQCqXQAAqOV1.jpg","","es","","1","1","7","https://x.com/untatuador2/status/1901810147535536159","1379025883688751106","untatuador2"
"1900171735367852358","Thu Mar 13 13:06:59 +0000 2025","2746","La versi√≥ menys enfada m√©s diplom√†tica i m√©s pol√≠ticament correcte d'aquesta frase era Els immigrants siguin d'Albacete o del Senegal a Catalunya tenen drets per√≤ tamb√© deures el principal aprendre la llengua del pa√≠s. Soc professora prec√†ria a la Universitat de Barcelona ","1900171735367852358","","","ca","Sant Celoni, Montseny","71","424","770","https://x.com/juliaojedacaba/status/1900171735367852358","981795601770844160","juliaojedacaba"
"1901945510120087899","Tue Mar 18 10:35:20 +0000 2025","4289","En realidad es un HONOR que me denuncien Abogados Cristianos. Gentuza que va contra Lalach√∫s por una estampita y contra Quequ√© por una broma y que litigian para prolongar cruelmente el dolor de una joven de Barcelona que ha solicitado la eutanasia. https://t.co/2aL4mrscp4","1901945510120087899","","","es","Espa√±a","52","640","1766","https://x.com/PabloEchenique/status/1901945510120087899","25555639","PabloEchenique"
"1901403930736603388","Sun Mar 16 22:43:18 +0000 2025","5","Winners : Barcelona Losers : Atletico Crying : Real Madrid","1901403930736603388","","","en","Under the shadow of God","1","0","1","https://x.com/real_neddy/status/1901403930736603388","1689836640330506240","real_neddy"
"1901753672008392957","Mon Mar 17 21:53:02 +0000 2025","3429","El partido no acaba hasta que el FC Barcelona dice basta. https://t.co/GhEfHqW4Xl","1901753672008392957","https://pbs.twimg.com/amplify_video_thumb/1901753415572533249/img/jUReyHm-37do5yBP.jpg","","es","Barcelona, Catalunya","2","26","135","https://x.com/aleexFCB_/status/1901753672008392957","1285511715791278085","aleexFCB_"
"1901400586698027119","Sun Mar 16 22:30:00 +0000 2025","33586","Man I Love Ferran Ô∏è https://t.co/h1Nlmdn4qr","1901400586698027119","https://pbs.twimg.com/media/GmMgeiAXwAAgafK.jpg","","en","BAR√áA STORE","146","233","1832","https://x.com/FCBarcelona_es/status/1901400586698027119","112764971","FCBarcelona_es"
"1901242765549154533","Sun Mar 16 12:02:53 +0000 2025","6034","Tal d√≠a como hoy en 1938 comenzaron 3 jornadas de bombardeos fascistas incesantes contra la ciudad de Barcelona ordenados por el dictador Mussolini. M√°s de 1000 civiles fueron asesinados por el fascismo con la idea de machacar la moral de los rojos . Conviene no olvidar. https://t.co/7Ocdlwl6v2","1901242765549154533","https://pbs.twimg.com/media/GmKSOBcbEAErkmt.jpg","","es","","60","375","3031","https://x.com/FonsiLoaiza/status/1901242765549154533","94324983","FonsiLoaiza"
"1901757830702489913","Mon Mar 17 22:09:34 +0000 2025","18287","*Todo mundo euf√≥rico no quarto gol do Barcelona* Szczesny: https://t.co/uA4lOJob6v","1901757830702489913","https://pbs.twimg.com/amplify_video_thumb/1901742498231508993/img/KgHDQQGzwi3L2iu0.jpg","","es","","132","104","821","https://x.com/FcbnewsBR/status/1901757830702489913","1279958536513040385","FcbnewsBR"
"1902457550374609214","Wed Mar 19 20:30:00 +0000 2025","3576","Sempre juntes https://t.co/QmJCbXIecp","1902457550374609214","https://pbs.twimg.com/media/GmbaATWWgAAelNL.jpg","","es","üõçÔ∏è BAR√áA STORE ","10","8","202","https://x.com/FCBfemeni/status/1902457550374609214","2196387576","FCBfemeni"
"1900265781633704202","Thu Mar 13 19:20:42 +0000 2025","7372","Herido grave un espa√±ol tras ser atacado por un marroqu√≠ de 19 a√±os en la estaci√≥n de Martorell Barcelona. Le ha rajado la cara y brazos con varios cortes profundos. El marroqu√≠ acumulaba m√°s de 20 detenciones sin ser expulsado ni ingresar en prisi√≥n. Atacaba a personas https://t.co/JQZZ232STo","1900265781633704202","https://pbs.twimg.com/media/Gl8ZqCiWMAAQa2Y.jpg","","es","Valencia, Espa√±a","120","381","4061","https://x.com/AltRightEspan/status/1900265781633704202","1371084270597509123","AltRightEspan"
"1901408303265075617","Sun Mar 16 23:00:40 +0000 2025","27429","Not magic. Just mentality. https://t.co/nTUQUSPXbS","1901408303265075617","https://pbs.twimg.com/media/GmMoxrzWQAAzZBB.jpg","","en","BAR√áA STORE ","41","131","1154","https://x.com/FCBarcelona/status/1901408303265075617","96951800","FCBarcelona"
"1900632944630169657","Fri Mar 14 19:39:40 +0000 2025","2909","√öLTIMA/BARCELONA Una madre acude a una comisar√≠a a esconder a su hija de 12 a√±os por un intento de matrimonio forzado por parte del padre de la menor. Los Mossos y los servicios sociales de Ciutat Valle intentan ahora impedir que el padre se lleve a la ni√±a a Pakist√°n. https://t.co/rcnOCcm86k","1900632944630169657","https://pbs.twimg.com/media/GmBnlnPWIAAQjyn.jpg","","es","Madrid, Comunidad de Madrid","30","164","1434","https://x.com/bertrandmyd/status/1900632944630169657","2354457297","bertrandmyd"
"1901394679511286083","Sun Mar 16 22:06:32 +0000 2025","49907","BETTER LATE THAN NEVER! https://t.co/KHa7j8vilw","1901394679511286083","https://pbs.twimg.com/media/GmMcS7hXoAElu2V.jpg","","en","BAR√áA STORE ","311","478","5682","https://x.com/FCBarcelona/status/1901394679511286083","96951800","FCBarcelona"
"1901419596722090356","Sun Mar 16 23:45:33 +0000 2025","44143","we're still undefeated in 2025 btw","1901419596722090356","","","en","BAR√áA STORE ","331","423","4610","https://x.com/FCBarcelona/status/1901419596722090356","96951800","FCBarcelona"
"1902302642916786423","Wed Mar 19 10:14:27 +0000 2025","7106","Pedri is dominating La Liga here's the mind-blowing stat that proves he s a midfield machine. ","1902302642916786423","","","en","BAR√áA STORE ","10","115","366","https://x.com/FCBarcelona/status/1902302642916786423","96951800","FCBarcelona"
"1900541371204743605","Fri Mar 14 13:35:47 +0000 2025","33741","Historias que inspiran https://t.co/WhgVrDGQR5","1900541371204743605","https://pbs.twimg.com/media/GmAUTVhXoAApx6v.jpg","","es","","206","325","7267","https://x.com/revisbarcelona/status/1900541371204743605","151198642","revisbarcelona"
"1899763477620674671","Wed Mar 12 10:04:43 +0000 2025","4044","La convocat√≤ria! Ô∏è #ElCl√†ssic https://t.co/RdiSDNq6qo","1899763477620674671","https://pbs.twimg.com/media/Gl1P4rHXsAE86_k.jpg","","ca","üõçÔ∏è BAR√áA STORE ","60","39","309","https://x.com/FCBfemeni/status/1899763477620674671","2196387576","FCBfemeni"
"1901392271427195276","Sun Mar 16 21:56:58 +0000 2025","11301"," GOAL BAR√áA! LAMINE YAMAL! 2-3! #ATLETIBAR√áA https://t.co/1UzR2RV3Fn","1901392271427195276","https://pbs.twimg.com/media/GmMaLo2WgAAUcU1.jpg","","in","BAR√áA STORE ","189","217","1349","https://x.com/FCBarcelona/status/1901392271427195276","96951800","FCBarcelona"
"1899710166011965808","Wed Mar 12 06:32:53 +0000 2025","2837"," Hay que volver a decirle a los putos espa√±oles: Habla catal√°n o emigra . Se llama J√∫lia Ojeda es profesora en la Facultad de Educaci√≥n de la Universidad de Barcelona y se dedica a difamar continuamente a los castellanoparlantes. Que quede claro: ellos son los racistas. https://t.co/XavjnLF4Ny","1899710166011965808","https://pbs.twimg.com/ext_tw_video_thumb/1899710107207827456/pu/img/NEdyflPWd-vyq5_g.jpg","","es","Catalu√±a, Espa√±a","201","631","1528","https://x.com/ShaAcabat/status/1899710166011965808","1044530734856318976","ShaAcabat"
"1902029386502615468","Tue Mar 18 16:08:38 +0000 2025","153","Nenhum clube dentro das 5 grandes ligas europeias marcou mais gols que o Barcelona nesta temporada. E isso vale para o futebol masculino e feminino. https://t.co/XR57iAH9CS","1902029386502615468","https://pbs.twimg.com/media/GmVdob-W8AAHJzh.jpg","","pt","Brasil","1","0","13","https://x.com/MeninaCule/status/1902029386502615468","896949074661957632","MeninaCule"
"1901740500786303452","Mon Mar 17 21:00:42 +0000 2025","6636","Vinicius lleva 26 partidos sin marcar esta temporada road to Bal√≥n de Playa 2025. vs Atlanta vs Mallorca vs Valladolid vs Betis vs Stuttgart vs Alaves vs Atletico de Madrid vs Lille vs Barcelona vs Leganes vs Rayo Vallecano vs Valencia vs Deportiva https://t.co/Fw09MBJqhc","1901740500786303452","https://pbs.twimg.com/media/GmRW58RW0AAXLYH.jpg","","es","","29","149","582","https://x.com/MundoDespectivo/status/1901740500786303452","1184408941113073664","MundoDespectivo"
"1900947897505464547","Sat Mar 15 16:31:11 +0000 2025","28483"," LYON FRANCE. BERLIN GERMANY. BARCELONA SPAIN. You just had to be there singing 'Voices' for Randy Orton s entrance Pure CHILLS. https://t.co/iRz7gBqE1A","1900947897505464547","https://pbs.twimg.com/ext_tw_video_thumb/1900947762809892864/pu/img/VqZ1DZgD9Evjjskk.jpg","","en","Crater lake","111","85","2880","https://x.com/CeaserWrestles/status/1900947897505464547","1763046596185337856","CeaserWrestles"
"1902027538550899186","Tue Mar 18 16:01:17 +0000 2025","6422","Cat &amp; Friends! https://t.co/UDpjXlmI3P","1902027538550899186","https://pbs.twimg.com/media/GmVb44gWgAAQRnF.jpg","","en","BAR√áA STORE ","25","55","356","https://x.com/FCBarcelona/status/1902027538550899186","96951800","FCBarcelona"
"1899741079538106534","Wed Mar 12 08:35:43 +0000 2025","3439","Profesora de la Universidad de Barcelona: 'Hay que decirle a los putos espa√±oles habla catal√°n o emigra https://t.co/Sy7TepuivW","1899741079538106534","https://pbs.twimg.com/ext_tw_video_thumb/1899710107207827456/pu/img/NEdyflPWd-vyq5_g.jpg","","es","Cuba y Venezuela","155","1262","1855","https://x.com/WillyTolerdoo/status/1899741079538106534","3014465871","WillyTolerdoo"
"1901386832434049384","Sun Mar 16 21:35:21 +0000 2025","12886","Barcelona must hate this guy https://t.co/tYjV07h4Zh","1901386832434049384","https://pbs.twimg.com/media/GmMVPlhbYAE7EEe.jpg","","en","Somewhere","42","300","352","https://x.com/UTDTrey/status/1901386832434049384","896550698543874049","UTDTrey"
"1900624107592421798","Fri Mar 14 19:04:33 +0000 2025","1520","Denuncian un intento de matrimonio forzado de una ni√±a de 12 a√±os pakistan√≠ en Barcelona por parte de su padre https://t.co/pKaYOVDAAq","1900624107592421798","","","es","Espa√±a","156","197","771","https://x.com/elmundoes/status/1900624107592421798","14436030","elmundoes"
"1901395618137776616","Sun Mar 16 22:10:16 +0000 2025","58","Boom Barcelona fans retweet &amp; drop Aza https://t.co/UHf3aROHMw","1901395618137776616","https://pbs.twimg.com/media/GmMdO5nbgAAQYrc.jpg","","fr","KING OF BASKETBALL üèÄ","2","43","40","https://x.com/EmmaxTips1/status/1901395618137776616","1672619222407471104","EmmaxTips1"
"1902468874039107784","Wed Mar 19 21:15:00 +0000 2025","4746","Exhibint-se per Europa https://t.co/guZHLP0utt","1902468874039107784","https://pbs.twimg.com/media/GmbeUblXMAAEWuQ.jpg","","es","üõçÔ∏è BAR√áA STORE ","13","15","258","https://x.com/FCBfemeni/status/1902468874039107784","2196387576","FCBfemeni"
"1899884810593526107","Wed Mar 12 18:06:51 +0000 2025","23532","Barcelona in 2025 is on ùë®ùëµùë∂ùëªùëØùë¨ùëπ ùë≥ùë¨ùëΩùë¨ùë≥ https://t.co/l0dWJYBusP","1899884810593526107","https://pbs.twimg.com/media/Gl2_HbdXQAENmhY.jpg","","en","Get the 433 app! ‚û°Ô∏è","23","59","1105","https://x.com/433/status/1899884810593526107","2600210567","433"
"1900010329007907044","Thu Mar 13 02:25:37 +0000 2025","11783","O Corinthians √© o primeiro e √∫nico clube brasileiro a ser TRES VEZES eliminado da Pr√© Libertadores üá®üá¥ Tolima (2011) üáµüáæ Guarani (2020) üá™üá® Barcelona (2025) ACESSO NEGADO! https://t.co/CL8QefIY7n","1900010329007907044","https://pbs.twimg.com/media/Gl4xUvOXIAAszQm.jpg","","pt","Brasil","263","253","1226","https://x.com/SemClubismo_FC/status/1900010329007907044","4914512181","SemClubismo_FC"
"1900709307995263181","Sat Mar 15 00:43:07 +0000 2025","13076","BARCELONA https://t.co/jXJPiX4Wkn","1900709307995263181","https://pbs.twimg.com/media/GmCtCelW8AA7vh3.jpg","","pt","the internet","23","161","607","https://x.com/catherinekelley/status/1900709307995263181","21973269","catherinekelley"
"1901421609459622355","Sun Mar 16 23:53:33 +0000 2025","3801","PULGAR NO BARCELONA? Filipe Lu√≠s exaltou e MUITO a partida do chileno na decis√£o do Carioca! #FutebolNaESPN https://t.co/7stZdheFFa","1901421609459622355","https://pbs.twimg.com/ext_tw_video_thumb/1901417890714148864/pu/img/8G2Wxvbd5_xeHPeB.jpg","","pt","Brasil","25","38","229","https://x.com/SportsCenterBR/status/1901421609459622355","420535612","SportsCenterBR"
"1902540601926807857","Thu Mar 20 02:00:01 +0000 2025","2928","Cat s got that Bar√ßa flow https://t.co/xyF314rM3e","1902540601926807857","https://pbs.twimg.com/media/GmcCwZdWIAARmWV.jpg","","in","BAR√áA STORE ","8","51","106","https://x.com/FCBarcelona/status/1902540601926807857","96951800","FCBarcelona"
"1901171293367529493","Sun Mar 16 07:18:53 +0000 2025","24998","üá™üá∏ | Okupan una vivienda ya okupada en Matar√≥ Barcelona y los okupas originales denuncian que los segundos okupas son ¬´indocumentados y delincuentes¬ª. https://t.co/VXrjvBGx4b","1901171293367529493","https://pbs.twimg.com/media/GmJRNqobcAY5qWk.jpg","","es","Espa√±a","481","886","4107","https://x.com/herqles_es/status/1901171293367529493","1336091302593769473","herqles_es"
"1902469048480493979","Wed Mar 19 21:15:41 +0000 2025","3553","https://t.co/AkMOsowLgz","1902469048480493979","https://pbs.twimg.com/media/GmbtfUqWgAAFSpF.png","","zxx","","24","16","945","https://x.com/revisbarcelona/status/1902469048480493979","151198642","revisbarcelona"
"1901393687130866088","Sun Mar 16 22:02:35 +0000 2025","1743","Barcelona fans across the world drop your handles let s follow Ô∏èÔ∏èÔ∏è https://t.co/G8VF01qt0X","1901393687130866088","https://pbs.twimg.com/media/GmMbeWhW0AAwFlw.jpg","","en","nowheretobefound","1","339","204","https://x.com/Mmonkoaa/status/1901393687130866088","1305949889977815040","Mmonkoaa"
"1900709597725552656","Sat Mar 15 00:44:16 +0000 2025","30579","Football. https://t.co/UkTFZ4CVIe","1900709597725552656","https://pbs.twimg.com/media/GmCtTWGbcAAhTQp.jpg","","en","BAR√áA STORE ","19","135","1270","https://x.com/FCBarcelona/status/1900709597725552656","96951800","FCBarcelona"
"1900649532813185443","Fri Mar 14 20:45:35 +0000 2025","17291","THE BARCELONA CROWD IS SINGING RANDY ORTON'S THEME SONG. THIS CROWD IS GENERATIONAL #SmackDown https://t.co/iDb7yosKHZ","1900649532813185443","https://pbs.twimg.com/ext_tw_video_thumb/1900649296300564480/pu/img/mhHmDWWwFEJ4Yain.jpg","","en","","178","88","1653","https://x.com/TribalMegastar/status/1900649532813185443","1708835822491848704","TribalMegastar"
"1902088316293628262","Tue Mar 18 20:02:48 +0000 2025","9383","| Barcelona is looking for a left winger and a versatile full-back for next season. [@relevo] https://t.co/jLmkjL84ms","1902088316293628262","https://pbs.twimg.com/media/GmWTPS0aMAAw8Jx.jpg","","en","Barcelona, Spain","36","160","247","https://x.com/ManagingBarca/status/1902088316293628262","1287288253326876673","ManagingBarca"
"1901994711268606147","Tue Mar 18 13:50:51 +0000 2025","1285","A evolu√ß√£o do Barcelona em 4 anos. https://t.co/8aVaZh3Blv","1901994711268606147","https://pbs.twimg.com/amplify_video_thumb/1901698119575752704/img/vICjmjocpHj2ZIsB.jpg","","pt","","10","11","45","https://x.com/FcbnewsBR/status/1901994711268606147","1279958536513040385","FcbnewsBR"
"1902389857143468138","Wed Mar 19 16:01:01 +0000 2025","2290","Pulm√≥. https://t.co/iUpNqAJhly","1902389857143468138","https://pbs.twimg.com/media/GmaleIOWAAAU9UC.jpg","","es","BAR√áA STORE ","1","4","78","https://x.com/FCBarcelona_cat/status/1902389857143468138","14727959","FCBarcelona_cat"
"1902503495627870451","Wed Mar 19 23:32:34 +0000 2025","817","√Ä qui vous fait penser ce crochet de Lamine Yamal ? https://t.co/CohDellu5c","1902503495627870451","https://pbs.twimg.com/media/GmcMzkvWoAAczh0.jpg","","fr","POLSERES BLAUGRANES  üëâ","1","14","20","https://x.com/fcbarcelona_fra/status/1902503495627870451","725581819","fcbarcelona_fra"
"1901734809908420858","Mon Mar 17 20:38:05 +0000 2025","1969","Cada cop que TV3 normalitza el vel com a decisi√≥ personal m√∫ltiples generacions de feministes es remouen a les seves tombes https://t.co/sFXUFa0e5a","1901734809908420858","https://pbs.twimg.com/media/GmRRujkWIAAJ2eV.jpg","","ca","Barcelona","7","82","608","https://x.com/UnSrdeBarcelona/status/1901734809908420858","2242955844","UnSrdeBarcelona"
"1902584133966000350","Thu Mar 20 04:53:00 +0000 2025","225","Funny scene from Barcelona by Stillman movie I talk on this episode. I burst out laughing at What it's about is a big country the United States attacking a little country! Very accurate on Euro leftist verbal tics and CIA obsession https://t.co/LQR3fPjSaY","1902584133966000350","https://pbs.twimg.com/ext_tw_video_thumb/1902583627067879425/pu/img/H2OzJ-YjenpQZNzN.jpg","","en","","1","13","8","https://x.com/bronzeagemantis/status/1902584133966000350","844434316943904768","bronzeagemantis"
"1902502847935344666","Wed Mar 19 23:30:00 +0000 2025","1476","Barcelona Polish strikers üáµüá± Ewa Pajor Matches: 33 Goals: 33 Assists: 8 Robert Lewandowski Matches: 40 Goals: 35 Assists: 3 https://t.co/0TZLSeqMS2","1902502847935344666","https://pbs.twimg.com/media/GmbjytnXcAApIUm.jpg","","en","Download the app üëâ","3","8","119","https://x.com/OneFootball/status/1902502847935344666","799369969725227008","OneFootball"
"1902364824115298403","Wed Mar 19 14:21:32 +0000 2025","2341","Ô∏è[COMUNICAT M√àDIC] ‚ñ∂Ô∏è La jugadora del primer equip femen√≠ Kika Nazareth ha estat intervinguda satisfact√≤riament de la lesi√≥ al lligament lateral intern del turmell esquerre. L operaci√≥ ha anat a c√†rrec del doctor Antoni Dalmau a l'Hospital de Barcelona sota la supervisi√≥ dels https://t.co/TX6M8lbM0k","1902364824115298403","https://pbs.twimg.com/media/GmaOgALXQAAH2JM.png","","ca","üõçÔ∏è BAR√áA STORE ","213","83","177","https://x.com/FCBfemeni/status/1902364824115298403","2196387576","FCBfemeni"
"1900649783989010717","Fri Mar 14 20:46:35 +0000 2025","23602","BARCELONA SINGS VOICES. I GOT CHILLS MAN. . #SmackDown https://t.co/0mzTYMFFsa","1900649783989010717","https://pbs.twimg.com/ext_tw_video_thumb/1900649296300564480/pu/img/mhHmDWWwFEJ4Yain.jpg","","en","","227","95","2157","https://x.com/Zashy120/status/1900649783989010717","1378367821755867142","Zashy120"
"1900581940555632998","Fri Mar 14 16:17:00 +0000 2025","1416"," L Audi√®ncia de Barcelona diu que tallar l aigua el llum i el gas als pisos ocupats no √©s delicte https://t.co/PubdTlAkg3","1900581940555632998","","","ca","Barcelona","32","105","315","https://x.com/btvnoticies/status/1900581940555632998","41583102","btvnoticies"
"1902283914015830323","Wed Mar 19 09:00:02 +0000 2025","3442"," ùó®ùó° ùóóùóúùóî ùóóùóò ùóñùóõùóîùó†ùó£ùóúùó¢ùó°ùó¶ #WolfsburgBar√ßa https://t.co/6uHBq3KJbp","1902283914015830323","https://pbs.twimg.com/media/GmVMEfKWEAAjtIU.jpg","","fr","üõçÔ∏è BAR√áA STORE ","55","17","411","https://x.com/FCBfemeni/status/1902283914015830323","2196387576","FCBfemeni"
"1902631201514647630","Thu Mar 20 08:00:02 +0000 2025","202"," Avui √©s l'aniversari d'Urko Gonz√°lez de Z√°rate. Zorionak Urko! https://t.co/0iykCREl7Y","1902631201514647630","https://pbs.twimg.com/media/Gma-dMjXsAAAXYt.jpg","","ca","RCDE Stadium","0","4","5","https://x.com/RCDEspanyol/status/1902631201514647630","114516774","RCDEspanyol"
"1901986542068945160","Tue Mar 18 13:18:23 +0000 2025","3154","El Consulado Argentino en Barcelona auspiciando la gira del kukardo Capusotto. Hay que recortarle a la mitad el presupuesto a todos los consulados ya. https://t.co/1hD4pQ1XNn","1901986542068945160","https://pbs.twimg.com/media/GmU2loLWAAA7Ofk.jpg","","es","Rep√∫blica Argentina","37","303","769","https://x.com/TraductorTeAma/status/1901986542068945160","1266212657272696832","TraductorTeAma"
"1900499408619237638","Fri Mar 14 10:49:03 +0000 2025","2674","El millor porter del m√≥n. https://t.co/t3Iis7pozd","1900499408619237638","https://pbs.twimg.com/ext_tw_video_thumb/1886083536802783232/pu/img/ZlFDO_9QrLkciu-l.jpg","","ca","RCDE Stadium","67","86","426","https://x.com/RCDEspanyol/status/1900499408619237638","114516774","RCDEspanyol"
"1901004853175824648","Sat Mar 15 20:17:30 +0000 2025","2239","COMUNICAT OFICIAL #RCDE","1901004853175824648","","","ca","RCDE Stadium","593","1495","362","https://x.com/RCDEspanyol/status/1901004853175824648","114516774","RCDEspanyol"
"1901567860121464865","Mon Mar 17 09:34:41 +0000 2025","2817","√öLTIMA HORA | La jueza avala la eutanasia de la joven de Barcelona y concluye que su padre no puede impugnar su derecho a morir https://t.co/p9zwsVYsFS Por @urisole https://t.co/XggsfSEXPd","1901567860121464865","https://pbs.twimg.com/tweet_video_thumb/GmO54hXWMAAeprw.jpg","","es","","51","44","392","https://x.com/eldiarioes/status/1901567860121464865","535707261","eldiarioes"
"1901373342239862870","Sun Mar 16 20:41:45 +0000 2025","61","Los jueces de la Audiencia Provincial de Barcelona en un acuerdo de unificaci√≥n de doctrina aprueban que cortar los suministros b√°sicos (como el agua la luz o el gas) en una vivienda ocupada NO ser√° castigado como delito https://t.co/pDOiWd0TZv","1901373342239862870","","","es","Espa√±ita","1","4","22","https://x.com/olympeabogados/status/1901373342239862870","1191048787302764545","olympeabogados"
"1902073267504214369","Tue Mar 18 19:03:00 +0000 2025","4180"," PSG are pressuring Lamine Yamal not to sign a new Barcelona contract as they want to offer him a 'Mbappe-level' contract. üá™üá∏ (Source: El Nacional) https://t.co/dgTLAdgTOI","1902073267504214369","https://pbs.twimg.com/media/GmUZksNWEAAGP0y.jpg","","en","","27","113","220","https://x.com/DeadlineDayLive/status/1902073267504214369","1030711922","DeadlineDayLive"
"1900229456536412427","Thu Mar 13 16:56:21 +0000 2025","13757","Flew to England to get my Mum married now off to meet my Secret Hervice in Barcelona before I fly to Las Vegas for Nascar and then on to Florida to kick the sunshine out of Sol oh &amp; then back to Europe. Being a champion is exhausting Ô∏è but I do it for the people! https://t.co/GlYqqLZmqQ","1900229456536412427","https://pbs.twimg.com/media/Gl74LE8W4AAZ4uc.jpg","","en","United States","38","255","540","https://x.com/ImChelseaGreen/status/1900229456536412427","3351327093","ImChelseaGreen"
"1900733981823295960","Sat Mar 15 02:21:09 +0000 2025","14993"," RONALDO SIUUU AT A WWE EVENT IN BARCELONA https://t.co/bMyXHS1S0C","1900733981823295960","https://pbs.twimg.com/ext_tw_video_thumb/1900665002513563649/pu/img/BxNyPx3hjGTiyV2P.jpg","","ro","","59","73","889","https://x.com/NoodleHairCR7/status/1900733981823295960","1112077071071805442","NoodleHairCR7"
"1901409393188425925","Sun Mar 16 23:05:00 +0000 2025","2198","T'imagines no ser del Bar√ßa? https://t.co/muKXVxskWT","1901409393188425925","https://pbs.twimg.com/media/GmMpe2IbYAAAAUX.jpg","","es","BAR√áA STORE ","2","11","99","https://x.com/FCBarcelona_cat/status/1901409393188425925","14727959","FCBarcelona_cat"
"1901650481912434768","Mon Mar 17 15:03:00 +0000 2025","729","Barcelona are the only team from Europe's top five leagues who remain ùôêùôâùòΩùôÄùòºùôèùôÄùôâ in 2025 https://t.co/OPMF3gbJQV","1901650481912434768","https://pbs.twimg.com/media/GmO5gYcWUAAAGMK.jpg","","en","Pitchside","0","19","50","https://x.com/livescore/status/1901650481912434768","212315904","livescore"
"1901000478294528215","Sat Mar 15 20:00:07 +0000 2025","3304","Offense wins games defense wins championships. #AtletiBar√ßa https://t.co/oPLxsKI4mu","1901000478294528215","https://pbs.twimg.com/ext_tw_video_thumb/1900999261355208707/pu/img/_LqAp29YafQMhFQm.jpg","","en","BAR√áA STORE ","5","50","220","https://x.com/FCBarcelona/status/1901000478294528215","96951800","FCBarcelona"
"1901393621796188425","Sun Mar 16 22:02:20 +0000 2025","2508","Barcelona fans lets celebrate this GIANT win by growing together. Drop your handles. Like and RT https://t.co/IwFKrHBrHJ","1901393621796188425","https://pbs.twimg.com/media/GmMba_ZasAE1g-8.jpg","","en","DM‚Äôs open for businessüì©","4","348","194","https://x.com/CrewsMat10/status/1901393621796188425","1428717436241653764","CrewsMat10"
"1901194274726711587","Sun Mar 16 08:50:12 +0000 2025","15171","Barcelona Heritage Ô∏è https://t.co/TKqFe82xWj","1901194274726711587","https://pbs.twimg.com/media/GmJmHirW8AAt-4f.jpg","","en","London, England","7","38","558","https://x.com/BarcaTimes/status/1901194274726711587","1603887084","BarcaTimes"
"1899811414883131826","Wed Mar 12 13:15:12 +0000 2025","13340","Guys I have some great news for you all! A brand is ready to sponsor two Barcelona fans covering their flight tickets and VIP tickets for the Barcelona match on May 25th against Athletic Bilbao. Stay tuned for my next post to find out how to participate!","1899811414883131826","","","en","","41","332","1126","https://x.com/theberneese/status/1899811414883131826","1248093516389126144","theberneese"
"1900981328461299810","Sat Mar 15 18:44:01 +0000 2025","15354","Simeone: If we win we'll get closer if we draw we'll maintain the distance but if Barcelona wins they'll be much closer to the title. https://t.co/HcndB7IXpZ","1900981328461299810","https://pbs.twimg.com/media/GmGkcKwaAAAn0_q.jpg","","en","Barcelona","57","91","533","https://x.com/BarcaUniversal/status/1900981328461299810","885972982052597761","BarcaUniversal"
"1900955149658407084","Sat Mar 15 17:00:00 +0000 2025","4790","Dem√† juga el Bar√ßa https://t.co/WuVSDcphdY","1900955149658407084","https://pbs.twimg.com/media/GmFzJFJXUAAWUnZ.jpg","","ca","BAR√áA STORE ","0","5","138","https://x.com/FCBarcelona_cat/status/1900955149658407084","14727959","FCBarcelona_cat"
"1901359418467332152","Sun Mar 16 19:46:25 +0000 2025","2233","El 3 del Bar√ßa 3Ô∏è‚É£ https://t.co/zSq8Jc634l","1901359418467332152","https://pbs.twimg.com/media/GmL8OTPXgAE_-AA.jpg","","es","BAR√áA STORE","6","11","80","https://x.com/FCBarcelona_es/status/1901359418467332152","112764971","FCBarcelona_es"
"1900911472135311495","Sat Mar 15 14:06:26 +0000 2025","14495","Hace 41 a√±os que vivo en Barcelona toda mi vida. Hoy al bajar taxi en el centro de Barcelona un carterista me iba a robar cosas del carro donde llevo mis m√°quinas de soporte vital. Un buen se√±or nos ha alertado. Me da infinito asco en lo que se ha convertido mi querida","1900911472135311495","","","es","Barcelona, Catalunya, Espa√±a","78","372","3124","https://x.com/pons_sabate/status/1900911472135311495","1131135343712002048","pons_sabate"
"1901396551047524475","Sun Mar 16 22:13:58 +0000 2025","25202","What happened? #AtletiBar√ßa | #LaLigaHighlights https://t.co/swZiAdhPH8","1901396551047524475","https://pbs.twimg.com/media/GmMeDm1XkAAEEDD.jpg","","en","BAR√áA STORE ","198","192","2782","https://x.com/FCBarcelona/status/1901396551047524475","96951800","FCBarcelona"
"1899961098155286724","Wed Mar 12 23:10:00 +0000 2025","17401","Ô∏è @diarioas: People in Madrid don't want to face Barcelona in the Champions League Final. https://t.co/AUjwp4KQqL","1899961098155286724","https://pbs.twimg.com/media/Gl4Ei77bYAESphN.jpg","","en","Barcelona, Spain","57","151","577","https://x.com/ManagingBarca/status/1899961098155286724","1287288253326876673","ManagingBarca"
"1900593412060983419","Fri Mar 14 17:02:35 +0000 2025","1313"," Los ùêáùêéùêëùêÄùêëùêàùêéùêí ùêàùêçùêìùêÑùêëùêçùêÄùêÇùêàùêéùêçùêÄùêãùêÑùêí de todo un partidazo el #AtletiBar√ßa https://t.co/TJBgYSrbVX","1900593412060983419","","","es","BAR√áA STORE","0","13","57","https://x.com/FCBarcelona_es/status/1900593412060983419","112764971","FCBarcelona_es"
"1901639728585142557","Mon Mar 17 14:20:16 +0000 2025","661","As ruas jamais esquecer√£o de Marc Casad√≥ em Outubro de 2024 https://t.co/b77TpU8Mi8","1901639728585142557","https://pbs.twimg.com/amplify_video_thumb/1901639667583156224/img/c0S_gKfKhI1pNIze.jpg","","pt","","1","4","50","https://x.com/BarcaDepressaoo/status/1901639728585142557","1122349831345901568","BarcaDepressaoo"
"1901393919407218810","Sun Mar 16 22:03:31 +0000 2025","36","Barcelona winning run continues! Culers let s gather. Let s connect. Ô∏è https://t.co/DuRM3cyKUU","1901393919407218810","https://pbs.twimg.com/media/GmMbrojXQAAxs7R.jpg","","en","Abuja, Nigeria","0","29","9","https://x.com/theakinmore/status/1901393919407218810","121798693","theakinmore"
"1902284173647220756","Wed Mar 19 09:01:04 +0000 2025","24429","Premier league is the only place you ll find teams rotting in 13th place laughing at the team in first imagine Leganes trying to troll Barcelona bruh","1902284173647220756","","","en","menace || society ","56","176","1436","https://x.com/cagiago_/status/1902284173647220756","1587130893616955393","cagiago_"
"1901929035979968589","Tue Mar 18 09:29:52 +0000 2025","5818","Marxem a Wolfsburg https://t.co/NHhIuMezIU","1901929035979968589","https://pbs.twimg.com/media/GmUCWxDWQAA5t9X.jpg","","und","üõçÔ∏è BAR√áA STORE ","22","37","337","https://x.com/FCBfemeni/status/1901929035979968589","2196387576","FCBfemeni"
"1899882347631435879","Wed Mar 12 17:57:04 +0000 2025","4559","Messi d√ºnyanƒ±n gelmi≈ü ge√ßmi≈ü en yetenekli top√ßusu da olsa Barcelona dan xavi ve iniesta dan ibarettir. Borusu eibar kalecisine √∂ter. La Liga dƒ±≈üƒ±nda hi√ßbir yerden tutunamayacaƒüƒ±nƒ± bildiƒüi i√ßin ayrƒ±lamamƒ±≈ütƒ±r. Premier ligte falan esamesi okunmaz. ≈ûampiyonlar liginde bir hi√ßtir.","1899882347631435879","","","tr","Boston, MA","164","626","224","https://x.com/laptoplugezgin/status/1899882347631435879","785736668","laptoplugezgin"
"1902345459017863626","Wed Mar 19 13:04:35 +0000 2025","1253"," Melanie Leupolz jugadora del Real Madrid: Ô∏è ¬øSe invierte primero y luego se tiene √©xito o se espera a que el √©xito se logre y entonces se invierte? Ô∏è El Barcelona ha venido en su propio avi√≥n y luego vuelve a casa. Nosotras vamos en tren https://t.co/OwhqIauMu9","1902345459017863626","","","es","","87","146","110","https://x.com/mundodeportivo/status/1902345459017863626","15748165","mundodeportivo"
"1901394121694306481","Sun Mar 16 22:04:19 +0000 2025","357","Barcelona vs Atletico Madrid - 3 points - A COMEBACK!!!!!!!!!!! - Love Pedri so much - Raphinha for Ballon D or - Ferran Torres super sub - Love the defense - Sell Lewandowski This is Barcelona Ô∏èÔ∏èhttps://t.co/zhGnIr1OGs","1901394121694306481","https://pbs.twimg.com/amplify_video_thumb/1899545714176163840/img/loDtrSR8CnjcolCP.jpg","","en","nowheretobefound","2","19","58","https://x.com/Mmonkoaa/status/1901394121694306481","1305949889977815040","Mmonkoaa"
"1901406876002083109","Sun Mar 16 22:55:00 +0000 2025","43914","No voy a decir a qui√©n me recuerda esta foto https://t.co/ZD2VBY24Qc","1901406876002083109","https://pbs.twimg.com/media/GmMkGtrXYAAHUXi.jpg","","es","BAR√áA STORE","93","215","1585","https://x.com/FCBarcelona_es/status/1901406876002083109","112764971","FCBarcelona_es"
"1901815820684230726","Tue Mar 18 02:00:00 +0000 2025","1731","üáßüá∑ https://t.co/2cl0rGTvaS","1901815820684230726","https://pbs.twimg.com/media/GmRq2N3bUAA3CgD.jpg","","qme","BAR√áA STORE üíô‚ù§Ô∏è‚¨áÔ∏è","0","0","51","https://x.com/fcbarcelona_br/status/1901815820684230726","1467706824","fcbarcelona_br"
"1901762679313674661","Mon Mar 17 22:28:50 +0000 2025","11","En Barcelona SC desde el 2019 hasta el 2024 por competencias de la CONMEBOL Han entrado M√ÅS DE 22 MILLONES y a√∫n as√≠ LA DEUDA NO HA DISMINUIDO SIN√ì QUE HA AUMENTADO. Que hicieron con ese dinero????","1901762679313674661","","","es","Guayaquil, Ecuador","0","5","1","https://x.com/TermoEcu2021/status/1901762679313674661","1214914047260409856","TermoEcu2021"
"1901398324961497213","Sun Mar 16 22:21:01 +0000 2025","371","GN. / Real Madrid or Barcelona","1901398324961497213","","","ca","Global","0","398","2","https://x.com/JamilKhabir396/status/1901398324961497213","1798854166036586496","JamilKhabir396"
"1901579857965838513","Mon Mar 17 10:22:22 +0000 2025","301","Good Morning my Barcelona fans https://t.co/lEAKlYTO1t","1901579857965838513","https://pbs.twimg.com/media/GmPEy4ibwAAikAK.jpg","","en","nowheretobefound","1","18","44","https://x.com/Mmonkoaa/status/1901579857965838513","1305949889977815040","Mmonkoaa"
"1901110587456627126","Sun Mar 16 03:17:39 +0000 2025","11111","üá™üá∏ Em Barcelona pequena patriota pede ANISTIA aos presos pol√≠ticos do regime ditatorial brasileiro. O mundo inteiro agora sabe o que est√° acontecendo no Brasil. https://t.co/UEvgcWYtCB","1901110587456627126","https://pbs.twimg.com/media/GmIZ6CRbkAAsvyn.jpg","","pt","United States","57","145","2809","https://x.com/RafaelFontana/status/1901110587456627126","41280003","RafaelFontana"
"1901728840600142286","Mon Mar 17 20:14:22 +0000 2025","7490","‚ÄºÔ∏èGood news: Marc Casad√≥ does not need surgery on his knee. Barcelona think he could return before the end of the season. @mundodeportivo https://t.co/RsK722hHAN","1901728840600142286","https://pbs.twimg.com/media/GmRMQacXIAA1X4r.jpg","","en","Barcelona","32","36","275","https://x.com/BarcaUniversal/status/1901728840600142286","885972982052597761","BarcaUniversal"
"1900943920822939719","Sat Mar 15 16:15:23 +0000 2025","2486","GOOOL D'ALEXIA! Ô∏è 0-1 | ‚è±Ô∏è 13 | #UDTenerifeBar√ßa https://t.co/cos5E0NDiJ","1900943920822939719","https://pbs.twimg.com/ext_tw_video_thumb/1900943726098239488/pu/img/C2pynN7yuGmAFjwz.jpg","","en","üõçÔ∏è BAR√áA STORE ","25","22","229","https://x.com/FCBfemeni/status/1900943920822939719","2196387576","FCBfemeni"
"1901240278171701259","Sun Mar 16 11:53:00 +0000 2025","12365","Present &amp; Future. https://t.co/kMpT5aRnzZ","1901240278171701259","https://pbs.twimg.com/media/GmGY9jzWUAAGw18.jpg","","en","üõçÔ∏è BAR√áA STORE ","19","31","555","https://x.com/FCBfemeni/status/1901240278171701259","2196387576","FCBfemeni"
"1902012618321351005","Tue Mar 18 15:02:00 +0000 2025","13884"," @AitanaBonmati https://t.co/G7rXdUZSqA","1902012618321351005","https://pbs.twimg.com/media/GmVCqMgWcAAc3YO.jpg","","qme","üõçÔ∏è BAR√áA STORE ","13","29","383","https://x.com/FCBfemeni/status/1902012618321351005","2196387576","FCBfemeni"
"1902117810563903919","Tue Mar 18 22:00:00 +0000 2025","9682","The tools of the trade https://t.co/o1yQVNS64G","1902117810563903919","https://pbs.twimg.com/media/GmWEZeLXMAA3NwL.jpg","","en","BAR√áA STORE ","3","74","293","https://x.com/FCBarcelona/status/1902117810563903919","96951800","FCBarcelona"
"1902092853553328307","Tue Mar 18 20:20:50 +0000 2025","22402"," Barcelona s plan with Ansu Fati remains same as January trying to find a new club in order to sell him. Ansu rejected more than 4 approaches in January and he ll have the final decision but Bar√ßa remain open to letting him go. In that case new winger could join. https://t.co/yhcCjUE7er","1902092853553328307","https://pbs.twimg.com/media/GmWXXSGaMAAwjKN.jpg","","en","Milano, Italia","183","545","1241","https://x.com/FabrizioRomano/status/1902092853553328307","330262748","FabrizioRomano"
"1901394175355945198","Sun Mar 16 22:04:32 +0000 2025","382","Respeten los rangos con huevos se ganan los partidos esto es FC Barcelona Ô∏è https://t.co/zQAoPRPxjh","1901394175355945198","https://pbs.twimg.com/media/GmMb65JXsAAfTvb.jpg","","es","Colombia ","1","15","36","https://x.com/lachimbaenparo/status/1901394175355945198","1388175777494183936","lachimbaenparo"
"1902642523983761791","Thu Mar 20 08:45:01 +0000 2025","28","Rodalies segueix sense garantir l'accessibilitat de les seves estacions. Les escales mec√†niques i ascensors d'estacions com el Prat de Llobregat Pla√ßa Catalunya de Barcelona i Granollers entre d'altres continuen sense funcionar https://t.co/ttTfB4q1GR https://t.co/ttTfB4q1GR","1902642523983761791","","","ca","Barcelona","2","2","32","https://x.com/324cat/status/1902642523983761791","8330472","324cat"
"1900436229994516884","Fri Mar 14 06:38:00 +0000 2025","6374"," FC Barcelona 2025 125th Anniversary Polo Shirt https://t.co/KgpwlcJIsb","1900436229994516884","https://pbs.twimg.com/media/Gl2th75WkAAkgNB.png","","en","","226","65","346","https://x.com/Footy_Headlines/status/1900436229994516884","1304451457","Footy_Headlines"
